Timestamp,Source_IP,Source_Port,Vd,Id,Vdc,Vev,Vpv,Iev,Ipv,Ppv,Pev,Pbattery,Pg,Qg,PF,Fg,THD,S1,S2,S3,S4,SoC_battery,SoC_EV
2025-04-13 02:33:21.368,127.0.0.1,8888,2.90,-0.57,399.08,348.14,378.71,14.62,7.63,2868.23,-5067.60,520.64,1687.93,1265.95,0.80,0.05,3.23,2,2,2,2,60.12,46.04
2025-04-13 02:33:21.468,127.0.0.1,8888,4.98,0.95,400.99,349.80,380.21,14.80,8.22,3103.51,-5153.65,459.18,1609.01,1206.75,0.80,-0.04,3.03,2,2,2,2,60.13,46.09
2025-04-13 02:33:21.569,127.0.0.1,8888,-2.91,-0.51,399.06,351.23,377.90,14.77,7.89,2956.30,-5162.02,534.35,1665.50,1249.13,0.80,0.06,2.56,2,2,2,2,60.13,46.15
2025-04-13 02:33:21.669,127.0.0.1,8888,-1.39,-0.10,402.66,351.70,377.32,14.54,8.14,3045.19,-5088.97,457.43,1623.79,1217.84,0.80,0.03,3.49,2,2,2,2,60.14,46.20
2025-04-13 02:33:21.769,127.0.0.1,8888,-1.36,0.96,398.91,351.26,378.76,15.11,8.32,3127.51,-5282.26,598.72,1559.33,1169.50,0.80,0.07,2.54,2,2,2,2,60.15,46.25
2025-04-13 02:33:21.871,127.0.0.1,8888,-2.18,-0.11,397.46,351.77,380.83,14.61,8.28,3128.43,-5114.79,443.85,1591.73,1193.79,0.80,0.01,3.35,2,2,2,2,60.15,46.30
2025-04-13 02:33:21.971,127.0.0.1,8888,0.41,0.35,398.98,348.08,379.95,15.35,7.61,2867.02,-5316.92,488.92,1939.59,1454.69,0.80,-0.01,3.23,2,2,2,2,60.16,46.35
2025-04-13 02:33:22.072,127.0.0.1,8888,-0.44,-0.37,398.85,349.40,380.47,15.39,8.08,3047.36,-5350.92,552.11,1760.40,1320.30,0.80,-0.04,3.08,2,2,2,2,60.17,46.41
2025-04-13 02:33:22.175,127.0.0.1,8888,2.91,0.50,398.19,348.34,377.12,15.19,7.94,2966.72,-5263.12,597.73,1675.99,1256.99,0.80,0.09,2.89,2,2,2,2,60.17,46.46
2025-04-13 02:33:22.273,127.0.0.1,8888,2.19,0.43,398.13,348.12,380.59,15.11,8.03,3029.44,-5232.62,423.32,1781.00,1335.75,0.80,-0.07,3.02,2,2,2,2,60.18,46.51
2025-04-13 02:33:22.374,127.0.0.1,8888,-2.61,-0.12,401.69,348.21,378.76,15.23,8.01,3005.52,-5274.59,565.74,1716.33,1287.25,0.80,-0.03,2.75,2,2,2,2,60.19,46.57
2025-04-13 02:33:22.474,127.0.0.1,8888,1.83,-0.38,401.19,351.60,382.64,14.60,7.69,2913.23,-5104.38,587.61,1650.05,1237.54,0.80,-0.09,2.80,2,2,2,2,60.19,46.62
2025-04-13 02:33:22.574,127.0.0.1,8888,3.52,0.89,397.64,351.92,380.94,15.26,7.94,2997.56,-5342.69,484.30,1868.64,1401.48,0.80,0.08,2.87,2,2,2,2,60.20,46.67
2025-04-13 02:33:22.674,127.0.0.1,8888,-4.47,-0.15,397.01,351.29,381.44,15.01,7.65,2889.61,-5245.09,498.62,1848.00,1386.00,0.80,0.00,2.84,2,2,2,2,60.21,46.72
2025-04-13 02:33:22.777,127.0.0.1,8888,4.25,0.81,402.51,349.67,377.90,15.14,8.16,3052.74,-5263.45,494.24,1674.04,1255.53,0.80,0.07,2.86,2,2,2,2,60.21,46.77
2025-04-13 02:33:22.876,127.0.0.1,8888,-3.14,-0.57,402.69,350.80,377.57,14.54,8.15,3049.49,-5071.04,541.41,1476.07,1107.05,0.80,-0.07,3.49,2,2,2,2,60.22,46.83
2025-04-13 02:33:22.977,127.0.0.1,8888,-0.69,0.25,398.67,349.88,380.31,15.04,8.32,3135.75,-5232.34,545.25,1567.65,1175.74,0.80,0.05,2.89,2,2,2,2,60.22,46.88
2025-04-13 02:33:23.078,127.0.0.1,8888,4.49,-0.60,399.54,349.10,381.08,15.38,7.67,2891.81,-5339.71,474.18,1926.21,1444.66,0.80,0.01,3.22,2,2,2,2,60.23,46.93
2025-04-13 02:33:23.177,127.0.0.1,8888,4.14,0.90,397.87,348.27,382.47,15.06,8.23,3115.19,-5214.21,586.58,1562.00,1171.50,0.80,-0.05,3.43,2,2,2,2,60.24,46.98
2025-04-13 02:33:23.279,127.0.0.1,8888,2.15,-0.03,398.87,348.89,379.03,15.13,8.13,3052.25,-5248.05,543.05,1648.92,1236.69,0.80,0.08,2.53,2,2,2,2,60.24,47.04
2025-04-13 02:33:23.379,127.0.0.1,8888,3.77,0.94,397.17,348.01,379.82,15.12,8.28,3113.09,-5229.09,441.18,1668.65,1251.49,0.80,0.00,2.98,2,2,2,2,60.25,47.09
2025-04-13 02:33:23.479,127.0.0.1,8888,-1.38,0.42,399.96,351.74,380.39,15.30,7.96,2994.36,-5349.45,527.83,1820.53,1365.40,0.80,0.08,3.13,2,2,2,2,60.26,47.14
2025-04-13 02:33:23.579,127.0.0.1,8888,-1.02,0.54,397.53,350.73,382.34,14.77,7.86,2971.51,-5146.66,513.61,1646.99,1235.24,0.80,0.07,3.18,2,2,2,2,60.26,47.19
2025-04-13 02:33:23.680,127.0.0.1,8888,-3.82,0.79,399.25,349.97,377.91,14.89,8.39,3139.24,-5178.78,446.36,1615.51,1211.63,0.80,-0.05,2.91,3,2,2,2,60.27,47.24
2025-04-13 02:33:23.779,127.0.0.1,8888,1.89,-0.87,400.54,350.46,382.71,14.74,7.80,2953.32,-5131.43,597.85,1556.45,1167.34,0.80,0.08,2.55,2,2,2,2,60.28,47.30
2025-04-13 02:33:23.881,127.0.0.1,8888,-3.37,-0.41,402.23,348.61,381.37,15.44,7.95,3000.18,-5347.74,573.12,1785.32,1338.99,0.80,-0.09,3.30,2,2,2,2,60.28,47.35
2025-04-13 02:33:23.981,127.0.0.1,8888,-0.57,0.25,401.05,348.26,378.36,14.74,7.76,2903.90,-5099.70,445.90,1783.83,1337.87,0.80,-0.05,3.08,2,2,2,2,60.29,47.40
2025-04-13 02:33:24.084,127.0.0.1,8888,1.63,-0.43,397.38,351.92,378.38,14.97,7.65,2861.74,-5232.53,448.90,1950.10,1462.58,0.80,0.08,2.72,2,2,2,2,60.29,47.45
2025-04-13 02:33:24.198,127.0.0.1,8888,-2.19,-0.33,397.20,348.75,380.73,14.99,8.34,3141.83,-5193.22,499.25,1536.02,1152.02,0.80,0.05,2.82,2,2,2,2,60.30,47.50
2025-04-13 02:33:24.281,127.0.0.1,8888,1.12,-0.93,398.45,350.55,380.18,14.98,7.91,2973.48,-5217.72,553.41,1694.02,1270.52,0.80,-0.00,3.07,2,2,2,2,60.31,47.56
2025-04-13 02:33:24.384,127.0.0.1,8888,-2.51,-0.44,397.16,350.44,381.11,14.68,7.99,3008.08,-5108.14,522.35,1620.06,1215.05,0.80,0.01,2.89,2,2,2,2,60.31,47.61
2025-04-13 02:33:24.511,127.0.0.1,8888,3.06,0.54,402.75,349.37,382.99,14.75,7.75,2932.05,-5118.20,574.52,1594.04,1195.53,0.80,0.01,3.31,2,2,2,2,60.32,47.66
2025-04-13 02:33:24.588,127.0.0.1,8888,2.64,-0.76,397.20,351.97,382.77,14.98,8.17,3090.96,-5237.13,443.99,1667.77,1250.83,0.80,0.10,3.45,2,2,2,2,60.33,47.71
2025-04-13 02:33:24.689,127.0.0.1,8888,2.66,-0.58,402.35,349.17,382.14,15.48,7.97,3010.72,-5370.48,408.79,1925.47,1444.10,0.80,-0.03,3.42,2,2,2,2,60.33,47.77
2025-04-13 02:33:24.804,127.0.0.1,8888,-1.85,-0.41,399.98,350.61,378.31,15.31,7.85,2931.19,-5332.70,541.23,1837.97,1378.48,0.80,-0.02,3.30,2,2,2,2,60.34,47.82
2025-04-13 02:33:24.892,127.0.0.1,8888,-3.12,0.34,398.43,349.76,377.43,14.50,7.99,2976.96,-5035.13,418.22,1626.45,1219.84,0.80,0.04,2.71,2,2,2,2,60.34,47.87
2025-04-13 02:33:24.992,127.0.0.1,8888,-0.91,0.90,402.33,351.39,382.25,14.53,7.75,2924.27,-5069.17,460.85,1658.86,1244.14,0.80,0.04,2.64,2,2,2,2,60.35,47.92
2025-04-13 02:33:25.111,127.0.0.1,8888,-3.70,0.41,401.41,348.26,380.41,15.13,7.72,2898.82,-5231.01,469.38,1899.10,1424.32,0.80,0.10,2.80,2,2,2,2,60.36,47.97
2025-04-13 02:33:25.193,127.0.0.1,8888,-3.86,-0.31,401.12,350.86,377.06,14.60,7.86,2926.87,-5085.00,443.21,1678.68,1259.01,0.80,0.08,3.02,2,2,2,2,60.36,48.02
2025-04-13 02:33:25.293,127.0.0.1,8888,-0.24,-0.12,398.03,348.76,378.64,14.96,8.26,3089.80,-5179.17,456.51,1661.22,1245.91,0.80,0.01,3.12,2,2,2,2,60.37,48.07
2025-04-13 02:33:25.414,127.0.0.1,8888,-2.54,0.53,397.03,350.52,377.35,14.56,8.34,3109.77,-5064.34,446.91,1492.12,1119.09,0.80,-0.03,2.77,2,2,2,2,60.37,48.13
2025-04-13 02:33:25.494,127.0.0.1,8888,4.06,-0.43,400.29,351.02,379.54,15.29,8.31,3114.94,-5327.55,559.49,1656.59,1242.44,0.80,0.04,3.49,2,2,2,2,60.38,48.18
2025-04-13 02:33:25.594,127.0.0.1,8888,-1.36,0.07,397.45,351.03,382.91,14.97,8.28,3130.69,-5216.31,418.92,1697.39,1273.04,0.80,-0.08,2.82,2,2,2,2,60.39,48.23
2025-04-13 02:33:25.709,127.0.0.1,8888,1.67,0.68,400.48,350.99,378.78,15.03,7.74,2891.36,-5237.40,506.47,1808.73,1356.55,0.80,-0.00,3.16,2,2,2,2,60.39,48.28
2025-04-13 02:33:25.794,127.0.0.1,8888,-3.90,0.14,401.09,350.83,380.57,15.39,8.27,3108.89,-5359.19,405.39,1835.68,1376.76,0.80,-0.02,2.81,2,2,2,2,60.40,48.34
2025-04-13 02:33:25.894,127.0.0.1,8888,1.73,0.07,402.57,350.72,377.00,14.96,7.72,2869.17,-5207.83,534.44,1804.28,1353.21,0.80,0.03,2.88,2,2,2,2,60.40,48.39
2025-04-13 02:33:26.007,127.0.0.1,8888,4.11,0.75,398.69,348.88,378.31,15.11,8.39,3132.06,-5232.14,407.30,1704.00,1278.00,0.80,0.01,2.95,2,2,2,2,60.41,48.44
2025-04-13 02:33:26.096,127.0.0.1,8888,2.45,-0.20,401.35,350.73,377.95,14.72,8.24,3073.83,-5123.45,482.85,1549.83,1162.38,0.80,-0.05,3.33,2,2,2,2,60.41,48.49
2025-04-13 02:33:26.196,127.0.0.1,8888,-0.15,-0.31,400.85,349.29,381.44,15.41,8.00,3009.32,-5343.06,582.54,1746.83,1310.12,0.80,0.06,3.44,2,2,2,2,60.42,48.55
2025-04-13 02:33:26.311,127.0.0.1,8888,4.72,0.27,398.40,351.54,382.50,15.13,8.24,3109.94,-5276.51,419.38,1706.99,1280.24,0.80,-0.04,3.32,2,2,2,2,60.43,48.60
2025-04-13 02:33:26.397,127.0.0.1,8888,-2.03,-0.12,397.91,348.06,381.44,14.63,8.11,3051.65,-5050.90,448.75,1548.59,1161.44,0.80,0.05,3.23,2,2,2,2,60.43,48.65
2025-04-13 02:33:26.497,127.0.0.1,8888,3.98,-0.73,398.01,348.18,379.33,15.23,8.09,3026.24,-5261.83,486.95,1779.92,1334.94,0.80,-0.01,3.05,2,2,2,2,60.44,48.70
2025-04-13 02:33:26.612,127.0.0.1,8888,3.45,-0.67,401.34,350.39,380.97,15.34,7.85,2948.80,-5331.50,510.66,1878.99,1409.24,0.80,0.03,3.13,2,2,2,2,60.44,48.76
2025-04-13 02:33:26.700,127.0.0.1,8888,-1.26,0.94,402.69,348.14,378.34,14.84,7.72,2880.18,-5123.30,469.01,1796.37,1347.28,0.80,0.07,3.18,2,2,2,2,60.45,48.81
2025-04-13 02:33:26.800,127.0.0.1,8888,1.12,0.44,398.33,350.65,380.67,15.36,8.24,3095.70,-5344.85,482.16,1775.54,1331.66,0.80,-0.09,3.31,2,2,2,2,60.46,48.86
2025-04-13 02:33:26.911,127.0.0.1,8888,-3.85,0.96,399.75,350.33,380.80,14.73,7.91,2967.60,-5116.98,565.48,1538.78,1154.08,0.80,-0.10,3.01,2,2,2,2,60.46,48.91
2025-04-13 02:33:27.001,127.0.0.1,8888,2.53,0.88,401.40,349.07,378.66,14.91,8.04,2999.52,-5160.53,429.67,1752.34,1314.26,0.80,0.05,3.02,2,2,2,2,60.47,48.96
2025-04-13 02:33:27.101,127.0.0.1,8888,2.56,0.02,399.20,350.08,379.27,14.61,8.32,3110.24,-5069.75,589.06,1391.59,1043.69,0.80,-0.05,2.93,2,2,2,2,60.48,49.01
2025-04-13 02:33:27.212,127.0.0.1,8888,-2.37,0.40,397.53,351.04,380.96,14.94,8.25,3097.88,-5200.39,585.59,1474.28,1105.71,0.80,0.05,3.12,2,2,2,2,60.48,49.07
2025-04-13 02:33:27.302,127.0.0.1,8888,3.94,0.29,399.21,351.57,379.49,15.47,7.85,2936.49,-5396.42,480.18,1977.28,1482.96,0.80,-0.04,2.97,2,2,2,2,60.49,49.12
2025-04-13 02:33:27.402,127.0.0.1,8888,4.65,0.72,401.63,350.48,381.69,15.47,8.19,3082.63,-5378.63,574.14,1692.79,1269.59,0.80,0.03,2.78,2,2,2,2,60.50,49.17
2025-04-13 02:33:27.511,127.0.0.1,8888,2.08,-0.51,398.72,349.66,377.94,14.55,8.37,3119.88,-5043.20,409.71,1535.46,1151.59,0.80,-0.01,3.02,2,2,2,2,60.50,49.22
2025-04-13 02:33:27.604,127.0.0.1,8888,3.32,-0.55,399.11,349.77,382.48,14.85,8.37,3155.72,-5149.50,407.17,1579.10,1184.33,0.80,-0.01,2.90,2,2,2,2,60.51,49.27
2025-04-13 02:33:27.704,127.0.0.1,8888,2.62,-0.75,402.38,348.52,377.03,14.92,8.30,3084.58,-5155.28,577.41,1476.99,1107.74,0.80,0.08,3.35,2,2,2,2,60.51,49.33
2025-04-13 02:33:27.811,127.0.0.1,8888,4.64,-0.64,397.89,350.07,382.35,15.25,8.15,3069.37,-5294.50,468.59,1795.18,1346.38,0.80,-0.06,2.69,2,2,2,2,60.52,49.38
2025-04-13 02:33:27.908,127.0.0.1,8888,-0.88,0.96,399.28,351.53,378.80,14.86,7.86,2931.47,-5180.08,587.94,1658.86,1244.14,0.80,-0.01,2.83,2,2,2,2,60.53,49.43
2025-04-13 02:33:28.008,127.0.0.1,8888,2.64,-0.65,398.21,349.49,382.43,14.67,7.89,2970.58,-5083.00,532.72,1551.28,1163.46,0.80,0.07,2.77,2,2,2,2,60.53,49.48
2025-04-13 02:33:28.111,127.0.0.1,8888,1.14,0.23,397.44,349.40,377.11,15.06,7.62,2829.43,-5216.06,521.90,1857.48,1393.11,0.80,0.06,3.08,2,2,2,2,60.54,49.53
2025-04-13 02:33:28.209,127.0.0.1,8888,3.02,-0.76,401.42,349.57,377.63,15.46,7.97,2962.00,-5359.28,423.78,2020.84,1515.63,0.80,-0.05,2.65,2,2,2,3,60.55,49.59
2025-04-13 02:33:28.309,127.0.0.1,8888,2.36,-0.43,398.73,351.46,379.12,15.38,8.31,3104.49,-5360.79,557.87,1718.41,1288.81,0.80,-0.08,2.94,2,2,2,2,60.55,49.64
2025-04-13 02:33:28.415,127.0.0.1,8888,-3.38,-0.26,400.06,349.09,379.15,15.48,7.66,2859.81,-5358.74,574.23,1907.18,1430.39,0.80,-0.07,3.23,2,2,2,2,60.56,49.69
2025-04-13 02:33:28.512,127.0.0.1,8888,-2.88,-0.44,400.37,351.16,380.66,14.70,7.77,2910.31,-5114.45,513.41,1700.86,1275.65,0.80,0.06,3.30,2,2,2,2,60.57,49.75
2025-04-13 02:33:28.611,127.0.0.1,8888,-3.33,-0.44,400.66,350.86,381.03,15.26,8.38,3145.83,-5306.37,544.32,1639.16,1229.37,0.80,0.01,2.70,2,2,2,2,60.57,49.80
2025-04-13 02:33:28.714,127.0.0.1,8888,3.55,-0.62,402.04,351.59,378.78,15.04,7.64,2846.26,-5241.94,469.59,1877.63,1408.22,0.80,-0.02,2.63,2,2,2,2,60.58,49.85
2025-04-13 02:33:28.812,127.0.0.1,8888,-1.09,-0.33,397.72,351.82,380.01,14.90,8.04,3006.80,-5196.33,459.31,1720.89,1290.67,0.80,-0.03,2.80,2,2,2,2,60.59,49.90
2025-04-13 02:33:28.913,127.0.0.1,8888,1.76,-0.51,401.21,351.25,380.54,14.65,8.20,3074.07,-5096.98,476.87,1579.69,1184.77,0.80,0.06,2.71,2,2,2,2,60.59,49.95
2025-04-13 02:33:29.013,127.0.0.1,8888,2.94,0.84,401.68,348.35,380.15,15.39,7.76,2900.72,-5315.39,459.24,2004.24,1503.18,0.80,0.02,3.00,2,2,2,2,60.60,50.01
2025-04-13 02:33:29.113,127.0.0.1,8888,-0.21,0.90,402.36,350.06,380.20,15.29,7.84,2931.56,-5305.21,551.63,1798.84,1349.13,0.80,-0.07,2.76,2,2,2,2,60.60,50.06
2025-04-13 02:33:29.213,127.0.0.1,8888,-2.74,0.93,400.87,349.61,377.34,14.52,7.62,2826.60,-5029.13,531.59,1708.00,1281.00,0.80,0.02,2.51,2,2,2,2,60.61,50.11
2025-04-13 02:33:29.318,127.0.0.1,8888,-3.67,0.33,400.32,350.80,381.06,14.80,8.24,3093.72,-5142.92,421.09,1615.01,1211.26,0.80,0.09,2.93,2,2,2,2,60.62,50.16
2025-04-13 02:33:29.417,127.0.0.1,8888,2.75,-0.97,401.63,350.34,378.01,15.15,8.27,3077.41,-5260.07,421.48,1810.39,1357.79,0.80,0.09,2.53,2,2,2,2,60.62,50.22
2025-04-13 02:33:29.517,127.0.0.1,8888,3.75,-0.86,401.17,348.46,379.06,14.92,8.16,3043.80,-5152.09,535.38,1539.31,1154.48,0.80,-0.09,2.91,2,2,2,2,60.63,50.27
2025-04-13 02:33:29.620,127.0.0.1,8888,-1.78,-0.83,399.06,349.81,377.58,14.66,7.98,2965.73,-5080.89,555.64,1517.41,1138.06,0.80,0.09,3.17,2,2,2,2,60.63,50.32
2025-04-13 02:33:29.718,127.0.0.1,8888,3.11,-0.09,401.54,351.43,377.37,14.99,7.83,2906.08,-5217.97,557.17,1737.71,1303.28,0.80,-0.02,2.89,2,2,2,2,60.64,50.37
2025-04-13 02:33:29.819,127.0.0.1,8888,-2.54,0.44,397.99,349.11,381.55,14.66,7.88,2958.84,-5070.29,453.15,1689.59,1267.20,0.80,0.02,3.48,2,2,2,2,60.65,50.42
2025-04-13 02:33:29.919,127.0.0.1,8888,-3.08,-0.52,402.72,349.85,379.84,15.33,8.08,3022.09,-5315.54,585.08,1667.30,1250.47,0.80,-0.07,3.06,2,2,2,2,60.65,50.47
2025-04-13 02:33:30.020,127.0.0.1,8888,1.87,-0.76,399.60,348.61,382.32,15.37,8.12,3055.39,-5308.49,444.38,1849.98,1387.48,0.80,0.07,3.23,2,2,2,2,60.66,50.53
2025-04-13 02:33:30.121,127.0.0.1,8888,4.39,-0.05,397.26,350.36,379.74,15.29,7.86,2937.49,-5306.93,553.98,1798.76,1349.07,0.80,0.07,3.05,2,2,2,2,60.67,50.58
2025-04-13 02:33:30.223,127.0.0.1,8888,1.00,-0.72,402.72,348.83,382.09,14.62,8.30,3120.74,-5052.09,459.04,1476.54,1107.41,0.80,-0.03,2.53,2,2,2,2,60.67,50.63
2025-04-13 02:33:30.321,127.0.0.1,8888,-2.39,-0.54,397.09,350.23,381.58,14.80,8.26,3101.41,-5134.56,566.79,1447.68,1085.76,0.80,-0.06,2.68,2,2,2,2,60.68,50.68
2025-04-13 02:33:30.422,127.0.0.1,8888,-4.44,0.39,398.52,349.01,380.41,15.07,7.79,2913.31,-5211.42,433.14,1817.93,1363.44,0.80,0.00,3.12,2,2,2,2,60.69,50.73
2025-04-13 02:33:30.522,127.0.0.1,8888,4.87,-0.50,398.51,348.56,381.33,14.81,8.11,3042.12,-5114.13,513.63,1546.73,1160.04,0.80,0.09,2.70,2,2,2,2,60.69,50.78
2025-04-13 02:33:30.622,127.0.0.1,8888,-0.18,0.09,398.67,350.02,380.60,14.80,8.16,3055.02,-5132.58,565.36,1528.13,1146.10,0.80,0.01,3.35,2,2,2,2,60.70,50.84
2025-04-13 02:33:30.722,127.0.0.1,8888,-0.83,-0.78,397.25,349.72,382.24,14.78,8.14,3063.26,-5119.28,589.76,1491.01,1118.26,0.80,0.09,3.14,2,2,2,2,60.71,50.89
2025-04-13 02:33:30.822,127.0.0.1,8888,2.79,0.99,398.18,348.40,381.49,14.68,8.05,3020.86,-5065.26,453.55,1554.31,1165.73,0.80,-0.01,3.18,2,2,2,2,60.71,50.94
2025-04-13 02:33:30.922,127.0.0.1,8888,-0.31,0.47,401.82,349.09,377.00,15.39,8.22,3047.77,-5322.46,585.91,1650.24,1237.68,0.80,0.08,3.14,2,2,2,2,60.72,50.99
2025-04-13 02:33:31.023,127.0.0.1,8888,-2.70,-0.91,397.89,349.51,379.94,15.12,8.28,3095.16,-5236.47,572.15,1545.73,1159.30,0.80,0.08,2.87,2,2,2,2,60.73,51.04
2025-04-13 02:33:31.123,127.0.0.1,8888,-4.30,0.72,400.91,349.76,380.26,15.34,8.34,3120.71,-5315.91,502.74,1731.73,1298.80,0.80,-0.03,3.12,2,2,2,2,60.73,51.10
2025-04-13 02:33:31.223,127.0.0.1,8888,-3.07,-0.16,401.37,349.93,380.95,15.04,8.38,3143.32,-5211.43,414.10,1668.29,1251.21,0.80,-0.04,2.79,2,2,2,2,60.74,51.15
2025-04-13 02:33:31.323,127.0.0.1,8888,4.02,0.12,399.79,348.91,378.76,15.45,7.92,2951.36,-5339.36,504.98,1895.88,1421.91,0.80,0.03,2.92,2,2,2,2,60.74,51.20
2025-04-13 02:33:31.423,127.0.0.1,8888,4.72,0.29,398.51,349.29,379.66,15.28,8.35,3119.36,-5287.28,455.08,1729.50,1297.12,0.80,-0.02,2.66,2,2,2,2,60.75,51.25
2025-04-13 02:33:31.524,127.0.0.1,8888,3.08,0.76,401.29,350.34,378.12,14.82,7.77,2889.67,-5143.93,527.87,1713.91,1285.43,0.80,0.10,3.23,2,2,2,2,60.76,51.31
2025-04-13 02:33:31.624,127.0.0.1,8888,4.26,0.92,398.46,348.15,381.97,15.49,8.16,3065.60,-5341.38,484.80,1777.71,1333.28,0.80,0.06,3.48,2,2,2,2,60.76,51.36
2025-04-13 02:33:31.724,127.0.0.1,8888,-0.77,0.55,397.41,349.74,381.78,14.90,7.69,2885.72,-5161.05,553.99,1766.63,1324.97,0.80,0.05,3.33,2,2,2,2,60.77,51.41
2025-04-13 02:33:31.825,127.0.0.1,8888,-2.69,0.39,402.00,351.36,381.19,15.27,7.62,2853.58,-5314.85,557.20,1926.47,1444.86,0.80,0.04,2.69,2,2,2,2,60.78,51.46
2025-04-13 02:33:31.925,127.0.0.1,8888,2.33,0.88,397.23,351.65,381.48,15.36,7.81,2929.68,-5350.32,474.53,1954.16,1465.62,0.80,0.04,3.18,2,2,2,2,60.78,51.52
2025-04-13 02:33:32.025,127.0.0.1,8888,4.40,-0.59,399.05,348.27,381.39,14.88,7.87,2951.39,-5130.97,545.40,1622.73,1217.04,0.80,-0.02,2.59,2,2,2,2,60.79,51.57
2025-04-13 02:33:32.125,127.0.0.1,8888,-4.68,-0.13,402.46,350.48,378.81,14.68,7.91,2945.74,-5096.05,497.74,1610.76,1208.07,0.80,-0.08,2.99,2,2,2,2,60.80,51.62
2025-04-13 02:33:32.226,127.0.0.1,8888,3.39,0.54,397.53,349.47,377.65,14.64,8.03,2982.24,-5067.31,408.31,1679.69,1259.77,0.80,0.04,3.18,2,2,2,2,60.80,51.67
2025-04-13 02:33:32.326,127.0.0.1,8888,3.87,-0.47,397.96,348.02,382.46,15.04,8.27,3113.70,-5184.95,590.59,1452.06,1089.05,0.80,0.09,3.20,2,2,2,2,60.81,51.72
2025-04-13 02:33:32.426,127.0.0.1,8888,2.84,-0.80,402.50,351.26,380.64,15.23,7.75,2901.43,-5300.18,537.10,1812.12,1359.09,0.80,-0.07,3.32,2,2,2,2,60.81,51.78
2025-04-13 02:33:32.526,127.0.0.1,8888,2.86,0.64,402.84,351.80,380.66,14.97,8.03,3007.71,-5217.40,426.68,1771.89,1328.91,0.80,0.10,2.71,2,2,2,2,60.82,51.83
2025-04-13 02:33:32.626,127.0.0.1,8888,-4.10,-0.64,397.50,349.38,377.23,14.55,8.10,3005.17,-5033.05,573.40,1439.04,1079.28,0.80,0.03,3.19,2,2,2,2,60.83,51.88
2025-04-13 02:33:32.726,127.0.0.1,8888,4.22,-0.88,399.48,351.11,382.66,15.42,8.11,3053.04,-5362.65,506.79,1837.30,1377.97,0.80,0.06,2.99,2,2,2,2,60.83,51.93
2025-04-13 02:33:32.827,127.0.0.1,8888,2.81,0.17,399.83,351.39,377.45,15.38,7.67,2845.73,-5354.28,480.24,2072.02,1554.01,0.80,0.06,3.35,2,2,2,2,60.84,51.99
2025-04-13 02:33:32.927,127.0.0.1,8888,1.27,0.82,402.17,348.86,379.53,14.78,8.25,3082.84,-5105.45,516.98,1511.44,1133.58,0.80,-0.02,2.81,2,2,2,2,60.85,52.04
2025-04-13 02:33:33.027,127.0.0.1,8888,4.67,-0.54,401.93,351.71,378.12,14.71,7.79,2895.57,-5122.10,414.54,1809.34,1357.01,0.80,0.03,2.64,2,2,2,2,60.85,52.09
2025-04-13 02:33:33.127,127.0.0.1,8888,0.99,0.84,399.28,349.86,379.28,15.45,7.93,2956.34,-5356.30,574.11,1839.52,1379.64,0.80,-0.09,2.62,2,2,2,2,60.86,52.14
2025-04-13 02:33:33.227,127.0.0.1,8888,3.60,0.13,398.46,351.01,379.35,14.79,7.95,2967.45,-5141.73,517.48,1674.54,1255.90,0.80,-0.00,2.79,2,2,2,2,60.86,52.19
2025-04-13 02:33:33.327,127.0.0.1,8888,-2.98,0.56,397.72,349.20,381.73,15.41,7.85,2948.04,-5332.78,405.61,2006.60,1504.95,0.80,0.01,2.72,2,2,2,2,60.87,52.25
2025-04-13 02:33:33.428,127.0.0.1,8888,3.02,-0.25,397.07,349.06,377.82,14.53,7.98,2965.49,-5022.25,549.46,1542.49,1156.87,0.80,-0.10,3.02,2,2,2,2,60.88,52.30
2025-04-13 02:33:33.528,127.0.0.1,8888,3.87,-0.02,402.35,349.05,378.40,15.40,7.89,2937.64,-5325.03,452.09,1911.47,1433.60,0.80,-0.02,2.84,2,2,2,2,60.88,52.35
2025-04-13 02:33:33.628,127.0.0.1,8888,1.79,-0.56,400.51,351.15,382.00,14.75,7.91,2972.79,-5128.24,511.60,1665.84,1249.38,0.80,-0.01,2.89,2,2,2,2,60.89,52.40
2025-04-13 02:33:33.728,127.0.0.1,8888,-0.25,0.54,398.74,351.35,382.60,14.97,8.08,3041.96,-5211.34,445.05,1688.96,1266.72,0.80,0.08,2.83,2,2,2,2,60.89,52.45
2025-04-13 02:33:33.828,127.0.0.1,8888,3.53,0.07,400.91,348.67,380.77,14.93,8.10,3033.91,-5154.80,486.87,1652.76,1239.57,0.80,-0.05,2.83,2,2,2,2,60.90,52.50
2025-04-13 02:33:33.928,127.0.0.1,8888,-1.41,0.76,397.97,351.95,379.24,14.61,8.31,3101.65,-5094.29,434.68,1574.63,1180.98,0.80,-0.08,2.92,2,2,2,2,60.91,52.56
2025-04-13 02:33:34.029,127.0.0.1,8888,3.27,-0.88,399.81,351.25,378.18,14.72,8.30,3090.07,-5121.63,542.93,1516.01,1137.01,0.80,0.09,2.79,2,2,2,2,60.91,52.61
2025-04-13 02:33:34.129,127.0.0.1,8888,-3.26,-0.06,399.13,349.73,379.54,15.23,8.02,2994.11,-5278.01,543.68,1757.07,1317.80,0.80,0.02,3.14,2,2,2,2,60.92,52.66
2025-04-13 02:33:34.229,127.0.0.1,8888,4.95,-0.05,400.37,348.31,379.66,14.67,8.22,3071.29,-5061.92,572.19,1410.38,1057.79,0.80,-0.09,3.02,2,2,2,2,60.93,52.71
2025-04-13 02:33:34.329,127.0.0.1,8888,2.57,-0.15,401.04,350.23,379.27,14.87,7.77,2897.45,-5159.23,466.79,1807.38,1355.53,0.80,-0.02,2.77,2,2,2,2,60.93,52.76
2025-04-13 02:33:34.429,127.0.0.1,8888,-2.11,-0.83,400.69,349.52,378.44,15.21,7.87,2928.25,-5268.46,435.52,1898.22,1423.67,0.80,0.02,3.29,2,2,2,2,60.94,52.81
2025-04-13 02:33:34.529,127.0.0.1,8888,2.38,-0.63,399.52,348.95,382.94,15.06,8.11,3058.07,-5206.01,533.87,1604.74,1203.56,0.80,0.05,2.79,2,2,2,2,60.94,52.87
2025-04-13 02:33:34.630,127.0.0.1,8888,-2.57,0.24,401.75,348.87,380.25,14.87,7.84,2933.55,-5140.14,587.76,1615.46,1211.59,0.80,-0.10,3.22,2,2,2,2,60.95,52.92
2025-04-13 02:33:34.730,127.0.0.1,8888,-2.41,0.27,400.44,349.91,382.18,15.04,8.27,3112.70,-5213.16,452.33,1663.95,1247.96,0.80,0.01,3.26,2,2,2,2,60.96,52.97
2025-04-13 02:33:34.830,127.0.0.1,8888,-2.79,0.02,399.90,349.10,382.77,15.22,8.20,3088.88,-5265.46,455.88,1728.69,1296.52,0.80,-0.08,2.91,2,2,2,2,60.96,53.02
2025-04-13 02:33:34.930,127.0.0.1,8888,-2.01,0.83,402.61,351.64,382.41,14.85,7.84,2950.29,-5173.49,579.97,1653.84,1240.38,0.80,-0.09,3.37,2,2,2,2,60.97,53.07
2025-04-13 02:33:35.030,127.0.0.1,8888,3.70,0.51,398.59,350.71,380.33,15.18,8.15,3050.96,-5277.06,478.77,1754.01,1315.51,0.80,-0.07,3.07,2,2,2,2,60.98,53.13
2025-04-13 02:33:35.130,127.0.0.1,8888,-4.91,-0.77,401.38,349.57,377.65,15.05,8.00,2972.72,-5211.70,459.54,1729.99,1297.50,0.80,0.10,3.34,2,2,2,2,60.98,53.18
2025-04-13 02:33:35.231,127.0.0.1,8888,-0.71,-0.57,401.30,348.25,382.83,15.49,7.61,2863.97,-5347.82,455.33,2004.84,1503.63,0.80,-0.08,2.78,2,2,2,2,60.99,53.23
2025-04-13 02:33:35.331,127.0.0.1,8888,2.17,-0.38,399.61,351.34,378.81,15.34,8.10,3019.96,-5341.41,402.10,1893.15,1419.86,0.80,0.03,3.39,2,2,2,2,60.99,53.29
2025-04-13 02:33:35.431,127.0.0.1,8888,-0.80,0.89,398.11,350.38,379.88,14.73,8.05,3010.34,-5111.97,506.14,1635.35,1226.51,0.80,-0.03,2.66,2,2,2,2,61.00,53.34
2025-04-13 02:33:35.531,127.0.0.1,8888,-3.27,-0.93,402.59,350.72,379.61,14.73,8.39,3136.11,-5118.05,570.72,1447.23,1085.43,0.80,0.08,3.12,2,2,2,2,61.01,53.39
2025-04-13 02:33:35.631,127.0.0.1,8888,1.53,-0.99,398.58,349.99,379.87,14.61,7.79,2910.83,-5067.56,415.84,1750.42,1312.81,0.80,0.05,3.33,2,2,2,2,61.01,53.44
2025-04-13 02:33:35.732,127.0.0.1,8888,-0.27,-0.19,400.28,351.43,379.37,15.41,8.02,2994.98,-5370.19,570.24,1847.33,1385.50,0.80,-0.05,3.07,2,2,2,2,61.02,53.49
2025-04-13 02:33:35.832,127.0.0.1,8888,-1.30,0.69,401.54,350.70,382.82,15.06,7.98,3008.69,-5235.46,516.26,1698.81,1274.11,0.80,0.05,2.76,2,2,2,2,61.03,53.55
2025-04-13 02:33:35.932,127.0.0.1,8888,-3.33,0.48,400.62,348.48,383.00,14.77,8.39,3167.70,-5100.29,415.84,1468.30,1101.23,0.80,0.01,3.34,2,2,2,2,61.03,53.60
2025-04-13 02:33:36.032,127.0.0.1,8888,0.71,-0.97,401.99,348.75,380.58,15.39,8.10,3035.54,-5319.53,401.82,1864.72,1398.54,0.80,0.07,3.25,2,2,2,2,61.04,53.65
2025-04-13 02:33:36.132,127.0.0.1,8888,-0.36,-0.41,398.75,350.55,377.15,15.35,7.73,2870.03,-5335.94,517.23,1901.38,1426.04,0.80,-0.09,3.39,2,2,2,2,61.04,53.70
2025-04-13 02:33:36.232,127.0.0.1,8888,0.06,-0.30,402.12,349.54,380.40,15.46,7.96,2981.07,-5356.50,557.28,1836.40,1377.30,0.80,0.02,2.86,2,2,2,2,61.05,53.76
2025-04-13 02:33:36.333,127.0.0.1,8888,-2.43,-0.04,402.47,351.97,377.84,14.78,7.63,2838.60,-5156.71,525.67,1755.30,1316.48,0.80,-0.07,3.31,2,2,2,2,61.06,53.81
2025-04-13 02:33:36.433,127.0.0.1,8888,-1.45,0.60,397.95,350.30,381.26,14.92,7.70,2888.09,-5181.05,466.11,1859.46,1394.60,0.80,-0.03,2.62,2,2,2,2,61.06,53.86
2025-04-13 02:33:36.533,127.0.0.1,8888,-2.50,-0.94,397.97,350.21,377.83,14.83,7.62,2832.30,-5147.93,428.93,1915.04,1436.28,0.80,0.08,3.17,2,2,2,2,61.07,53.91
2025-04-13 02:33:36.633,127.0.0.1,8888,1.01,-0.25,399.14,350.84,378.57,14.54,7.84,2921.50,-5057.27,425.21,1717.55,1288.17,0.80,0.00,3.10,2,2,2,2,61.07,53.96
2025-04-13 02:33:36.733,127.0.0.1,8888,-2.44,0.65,400.76,348.13,381.71,15.17,7.73,2903.85,-5236.33,585.33,1755.56,1316.67,0.80,0.04,2.64,2,2,2,2,61.08,54.01
2025-04-13 02:33:36.834,127.0.0.1,8888,-3.47,-0.57,398.64,352.00,381.13,15.18,7.79,2922.82,-5299.04,401.09,2014.47,1510.85,0.80,0.05,2.81,2,2,2,2,61.08,54.07
2025-04-13 02:33:36.934,127.0.0.1,8888,-2.54,0.33,398.92,350.32,378.46,15.05,7.74,2886.18,-5227.48,470.86,1828.63,1371.47,0.80,-0.07,2.80,2,2,2,2,61.09,54.12
2025-04-13 02:33:37.034,127.0.0.1,8888,-0.74,0.67,400.87,350.84,382.81,15.50,7.94,2994.99,-5392.26,455.12,1901.32,1425.99,0.80,0.06,3.43,2,2,2,2,61.10,54.17
2025-04-13 02:33:37.134,127.0.0.1,8888,3.69,-0.39,402.22,351.43,381.30,14.89,7.95,2987.18,-5189.40,472.33,1708.01,1281.01,0.80,0.03,2.70,2,2,2,2,61.10,54.23
2025-04-13 02:33:37.234,127.0.0.1,8888,-1.93,-0.37,399.44,348.18,378.11,14.59,8.23,3067.57,-5037.72,402.48,1570.70,1178.03,0.80,-0.04,2.99,2,2,2,2,61.11,54.28
2025-04-13 02:33:37.335,127.0.0.1,8888,3.36,0.86,399.86,349.14,380.36,15.37,8.21,3077.68,-5323.35,504.78,1756.42,1317.31,0.80,-0.00,2.64,2,2,2,2,61.11,54.33
2025-04-13 02:33:37.435,127.0.0.1,8888,-3.52,0.27,399.64,351.30,379.55,14.51,7.74,2893.33,-5052.71,467.54,1714.65,1285.99,0.80,0.09,2.88,2,2,2,2,61.12,54.38
2025-04-13 02:33:37.535,127.0.0.1,8888,-3.47,-0.74,399.49,348.47,378.19,14.73,8.33,3107.92,-5089.39,585.03,1430.01,1072.51,0.80,0.05,2.73,2,2,2,2,61.13,54.43
2025-04-13 02:33:37.635,127.0.0.1,8888,2.81,-0.16,398.84,351.19,380.84,15.20,7.72,2898.82,-5294.42,587.33,1851.83,1388.88,0.80,-0.05,3.33,2,2,2,2,61.13,54.48
2025-04-13 02:33:37.735,127.0.0.1,8888,-3.67,0.61,401.16,349.82,379.58,14.87,7.97,2983.76,-5158.59,542.44,1596.96,1197.72,0.80,0.08,3.00,2,2,2,2,61.14,54.53
2025-04-13 02:33:37.835,127.0.0.1,8888,-3.48,-0.20,399.51,349.17,382.78,15.36,8.14,3072.77,-5319.57,506.52,1760.79,1320.59,0.80,0.07,3.24,2,2,2,2,61.15,54.59
2025-04-13 02:33:37.936,127.0.0.1,8888,3.88,0.17,400.17,348.93,380.36,15.43,8.11,3041.87,-5341.06,422.38,1878.32,1408.74,0.80,0.01,3.37,2,2,2,2,61.15,54.64
2025-04-13 02:33:38.036,127.0.0.1,8888,4.75,-0.92,400.33,350.50,380.21,14.84,7.90,2962.04,-5158.43,443.74,1797.67,1348.25,0.80,0.05,3.13,2,2,2,2,61.16,54.69
2025-04-13 02:33:38.136,127.0.0.1,8888,3.61,-0.60,402.86,350.71,378.97,15.04,7.97,2977.25,-5233.37,597.49,1639.62,1229.71,0.80,-0.01,2.77,2,2,2,2,61.16,54.75
2025-04-13 02:33:38.236,127.0.0.1,8888,0.73,0.35,399.66,349.75,380.64,15.38,8.22,3088.47,-5338.80,598.81,1618.41,1213.81,0.80,0.04,3.49,2,2,2,2,61.17,54.80
2025-04-13 02:33:38.336,127.0.0.1,8888,-4.74,-0.59,399.80,349.77,377.57,15.00,7.70,2866.16,-5205.58,485.37,1881.91,1411.43,0.80,0.06,2.98,2,2,2,2,61.18,54.85
2025-04-13 02:33:38.437,127.0.0.1,8888,0.32,-0.51,402.73,350.91,378.30,15.42,7.66,2856.06,-5371.74,493.24,2059.26,1544.45,0.80,-0.03,2.52,2,2,2,2,61.18,54.90
2025-04-13 02:33:38.537,127.0.0.1,8888,-2.48,0.90,400.25,349.78,382.63,14.86,8.08,3051.68,-5158.83,481.77,1643.16,1232.37,0.80,0.01,3.20,3,2,2,2,61.19,54.96
2025-04-13 02:33:38.637,127.0.0.1,8888,-1.76,-0.39,400.08,350.67,381.22,14.69,8.03,3021.84,-5111.12,484.26,1564.50,1173.38,0.80,-0.09,2.65,2,2,3,2,61.20,55.01
2025-04-13 02:33:38.737,127.0.0.1,8888,3.73,0.38,402.83,348.50,380.46,14.97,7.86,2951.40,-5178.25,500.58,1745.54,1309.15,0.80,-0.03,2.76,2,2,2,2,61.20,55.06
2025-04-13 02:33:38.837,127.0.0.1,8888,-4.06,0.05,400.37,348.23,381.89,15.30,8.28,3123.32,-5286.79,552.88,1654.42,1240.81,0.80,0.01,3.35,2,2,2,2,61.21,55.11
2025-04-13 02:33:38.938,127.0.0.1,8888,2.87,-0.62,397.51,349.37,381.70,15.49,7.96,2999.72,-5373.56,406.02,1999.37,1499.53,0.80,-0.10,3.50,2,2,2,2,61.21,55.17
2025-04-13 02:33:39.038,127.0.0.1,8888,-0.37,0.13,400.75,349.43,380.72,14.67,8.10,3043.13,-5088.45,449.64,1590.55,1192.91,0.80,0.00,2.88,2,2,2,2,61.22,55.22
2025-04-13 02:33:39.138,127.0.0.1,8888,-2.58,-0.43,401.33,349.71,377.60,14.70,7.98,2973.27,-5100.60,539.79,1565.20,1173.90,0.80,0.07,2.96,2,2,2,2,61.23,55.27
2025-04-13 02:33:39.238,127.0.0.1,8888,3.67,0.87,400.98,351.23,382.71,14.98,7.78,2939.30,-5222.06,497.33,1745.03,1308.77,0.80,-0.03,3.10,2,2,2,2,61.23,55.32
2025-04-13 02:33:39.338,127.0.0.1,8888,3.43,-0.89,401.51,350.53,381.20,14.59,7.80,2934.44,-5076.56,527.05,1585.63,1189.22,0.80,-0.07,3.00,2,2,2,2,61.24,55.37
2025-04-13 02:33:39.439,127.0.0.1,8888,-4.07,0.45,400.85,348.90,382.84,15.22,7.73,2923.42,-5273.90,540.22,1778.03,1333.52,0.80,-0.06,2.97,2,2,2,2,61.25,55.42
2025-04-13 02:33:39.539,127.0.0.1,8888,1.21,-0.99,402.46,350.64,379.50,14.58,7.73,2897.52,-5075.52,472.27,1684.83,1263.62,0.80,0.07,2.62,2,2,2,2,61.25,55.47
2025-04-13 02:33:39.639,127.0.0.1,8888,0.11,0.51,399.17,351.06,377.35,15.22,7.87,2932.83,-5307.62,530.76,1879.06,1409.29,0.80,-0.03,3.15,2,2,2,2,61.26,55.53
2025-04-13 02:33:39.739,127.0.0.1,8888,4.36,0.59,399.14,350.54,377.80,15.35,8.03,2995.91,-5342.85,598.99,1722.55,1291.91,0.80,0.07,2.82,2,2,2,2,61.27,55.58
2025-04-13 02:33:39.839,127.0.0.1,8888,1.84,-0.84,400.15,350.89,380.61,15.14,8.16,3069.08,-5277.38,566.72,1633.91,1225.43,0.80,-0.06,2.74,2,2,2,2,61.27,55.63
2025-04-13 02:33:39.940,127.0.0.1,8888,-2.25,0.64,400.43,350.33,378.30,14.52,7.69,2873.56,-5050.18,551.55,1625.61,1219.20,0.80,-0.09,2.86,2,2,2,2,61.28,55.68
2025-04-13 02:33:40.040,127.0.0.1,8888,-4.27,0.50,402.64,350.62,379.21,14.60,8.33,3123.81,-5084.77,451.24,1489.56,1117.17,0.80,-0.04,2.80,2,2,2,2,61.29,55.73
2025-04-13 02:33:40.140,127.0.0.1,8888,-1.49,0.66,400.52,349.87,380.68,15.27,7.80,2932.35,-5306.69,505.17,1844.13,1383.10,0.80,-0.00,3.34,2,2,2,2,61.29,55.79
2025-04-13 02:33:40.240,127.0.0.1,8888,-2.17,-0.70,399.30,349.12,381.54,14.67,8.02,3023.17,-5085.95,460.50,1620.80,1215.60,0.80,0.03,3.33,2,2,2,2,61.30,55.84
2025-04-13 02:33:40.340,127.0.0.1,8888,2.81,-0.47,397.04,350.39,377.99,14.79,7.83,2926.15,-5146.09,401.18,1858.62,1393.97,0.80,0.03,3.26,2,2,2,2,61.30,55.89
2025-04-13 02:33:40.440,127.0.0.1,8888,4.39,-0.50,400.93,350.78,379.58,15.31,8.01,3006.62,-5334.93,434.03,1855.94,1391.95,0.80,0.04,2.93,2,2,2,2,61.31,55.94
2025-04-13 02:33:40.540,127.0.0.1,8888,-1.42,-0.26,402.02,348.89,381.59,15.39,8.02,3027.42,-5337.07,405.76,1884.47,1413.35,0.80,0.08,3.32,2,2,2,2,61.31,56.00
2025-04-13 02:33:40.641,127.0.0.1,8888,3.88,-0.28,397.98,350.64,380.99,14.69,8.35,3149.50,-5116.53,476.50,1521.37,1141.02,0.80,-0.05,3.49,2,2,2,2,61.32,56.05
2025-04-13 02:33:40.741,127.0.0.1,8888,2.25,0.85,397.88,349.06,379.88,15.09,8.11,3046.02,-5235.77,521.15,1688.94,1266.71,0.80,0.07,2.87,2,2,2,2,61.33,56.10
2025-04-13 02:33:40.841,127.0.0.1,8888,4.15,0.41,397.65,350.15,382.00,15.09,7.69,2905.52,-5252.19,582.56,1720.47,1290.35,0.80,0.02,3.17,2,2,2,2,61.33,56.15
2025-04-13 02:33:40.941,127.0.0.1,8888,2.12,0.04,400.56,348.97,379.85,15.05,8.24,3096.04,-5219.77,501.48,1654.31,1240.73,0.80,0.07,2.97,2,2,2,2,61.34,56.20
2025-04-13 02:33:41.041,127.0.0.1,8888,3.77,-0.55,397.09,349.67,378.67,14.51,8.05,3015.14,-5042.81,499.70,1536.66,1152.49,0.80,-0.03,3.06,2,2,2,2,61.35,56.26
2025-04-13 02:33:41.141,127.0.0.1,8888,3.45,-0.88,398.51,350.27,380.96,14.78,8.11,3056.84,-5146.06,464.82,1626.88,1220.16,0.80,-0.08,2.83,2,2,2,2,61.35,56.31
2025-04-13 02:33:41.242,127.0.0.1,8888,3.28,0.87,398.96,351.95,381.09,15.05,8.02,3023.39,-5265.03,499.65,1711.18,1283.39,0.80,-0.03,2.73,2,2,2,2,61.36,56.36
2025-04-13 02:33:41.342,127.0.0.1,8888,-3.05,0.16,400.76,351.75,378.58,14.85,8.36,3134.19,-5190.91,495.99,1606.22,1204.67,0.80,-0.08,3.19,2,2,2,2,61.36,56.41
2025-04-13 02:33:41.442,127.0.0.1,8888,-2.62,-1.00,402.46,349.79,382.91,15.22,7.86,2980.47,-5294.76,439.96,1867.89,1400.92,0.80,-0.08,2.71,2,2,2,2,61.37,56.46
2025-04-13 02:33:41.542,127.0.0.1,8888,1.07,0.86,398.38,349.50,379.05,14.53,8.03,3013.85,-5049.56,567.78,1442.68,1082.01,0.80,0.04,2.54,2,2,2,2,61.38,56.51
2025-04-13 02:33:41.642,127.0.0.1,8888,2.53,-0.68,400.88,351.05,381.70,15.37,7.88,2977.05,-5365.49,591.81,1757.08,1317.81,0.80,-0.06,2.80,2,2,2,2,61.38,56.57
2025-04-13 02:33:41.742,127.0.0.1,8888,-1.26,0.13,400.82,350.98,378.06,15.47,8.39,3141.99,-5402.16,400.39,1831.68,1373.76,0.80,-0.10,2.84,2,2,2,2,61.39,56.62
2025-04-13 02:33:41.842,127.0.0.1,8888,1.58,0.04,398.13,350.33,380.77,15.14,7.94,2994.83,-5276.09,429.56,1857.19,1392.89,0.80,-0.06,3.04,2,2,2,2,61.39,56.68
2025-04-13 02:33:41.943,127.0.0.1,8888,-0.19,0.78,402.42,348.49,381.02,15.24,8.23,3106.68,-5284.02,533.38,1613.88,1210.41,0.80,-0.09,2.59,2,2,2,2,61.40,56.73
2025-04-13 02:33:42.043,127.0.0.1,8888,0.71,-0.65,397.10,349.11,382.59,15.03,7.63,2892.06,-5219.96,588.39,1694.81,1271.11,0.80,-0.07,3.22,2,2,2,2,61.41,56.78
2025-04-13 02:33:42.143,127.0.0.1,8888,-0.60,0.28,400.01,349.86,379.57,15.11,7.89,2966.12,-5258.83,585.70,1661.93,1246.45,0.80,0.00,2.92,2,2,2,2,61.42,56.83
2025-04-13 02:33:42.243,127.0.0.1,8888,4.39,0.88,398.02,348.93,380.48,14.86,7.82,2948.10,-5157.70,536.03,1706.20,1279.65,0.80,-0.05,3.38,2,2,2,2,61.42,56.88
2025-04-13 02:33:42.343,127.0.0.1,8888,-2.10,-0.33,402.42,351.19,381.61,15.17,7.69,2906.61,-5300.74,597.50,1793.36,1345.02,0.80,-0.05,2.71,2,2,2,2,61.43,56.94
2025-04-13 02:33:42.443,127.0.0.1,8888,-0.79,-0.28,402.95,349.35,378.19,14.55,8.28,3106.07,-5057.58,579.92,1362.35,1021.77,0.80,-0.09,3.15,2,2,2,2,61.44,56.99
2025-04-13 02:33:42.544,127.0.0.1,8888,0.80,-0.08,401.72,351.53,382.80,15.20,7.95,3018.52,-5318.12,434.53,1867.99,1400.99,0.80,-0.01,3.21,2,2,2,2,61.44,57.04
2025-04-13 02:33:42.644,127.0.0.1,8888,0.96,0.87,399.68,348.21,382.00,14.76,8.11,3073.89,-5113.25,590.75,1474.66,1106.00,0.80,-0.02,2.89,2,2,2,2,61.45,57.09
2025-04-13 02:33:42.744,127.0.0.1,8888,3.17,-0.55,397.78,351.07,382.31,14.56,8.19,3107.43,-5085.26,414.66,1598.62,1198.97,0.80,-0.09,2.97,2,2,2,2,61.46,57.14
2025-04-13 02:33:42.844,127.0.0.1,8888,-4.90,-0.53,401.41,349.06,379.72,14.64,8.10,3052.94,-5086.92,456.72,1618.41,1213.81,0.80,0.08,2.97,2,2,2,2,61.46,57.19
2025-04-13 02:33:42.944,127.0.0.1,8888,-2.46,0.93,398.78,348.88,382.72,14.98,7.93,3011.84,-5202.17,583.44,1577.53,1183.15,0.80,-0.10,3.35,2,2,2,2,61.47,57.25
2025-04-13 02:33:43.044,127.0.0.1,8888,1.00,0.90,400.77,348.75,377.64,15.46,8.18,3064.40,-5369.53,533.35,1763.25,1322.43,0.80,-0.02,2.83,2,2,2,2,61.48,57.30
2025-04-13 02:33:43.145,127.0.0.1,8888,-0.18,0.14,399.46,349.83,378.32,15.03,7.82,2936.38,-5233.15,470.54,1842.32,1381.74,0.80,0.06,2.55,2,2,2,2,61.48,57.35
2025-04-13 02:33:43.245,127.0.0.1,8888,2.17,0.35,401.51,348.10,381.37,14.72,8.34,3156.89,-5101.41,434.67,1470.75,1103.06,0.80,0.10,2.58,2,2,2,2,61.49,57.40
2025-04-13 02:33:43.345,127.0.0.1,8888,-2.33,0.51,402.38,348.08,378.05,15.44,7.76,2910.42,-5351.71,431.50,1998.61,1498.96,0.80,-0.08,3.43,2,2,2,2,61.49,57.46
2025-04-13 02:33:43.445,127.0.0.1,8888,-0.93,0.20,402.11,348.03,382.52,14.74,7.83,2973.66,-5108.26,563.91,1583.48,1187.61,0.80,-0.03,3.32,2,2,2,2,61.50,57.51
2025-04-13 02:33:43.545,127.0.0.1,8888,-2.75,0.18,399.82,349.99,381.86,14.64,8.05,3053.01,-5101.77,544.48,1504.46,1128.35,0.80,-0.09,2.74,2,2,2,2,61.51,57.56
2025-04-13 02:33:43.645,127.0.0.1,8888,-1.59,0.38,402.71,351.97,381.95,14.70,8.23,3123.13,-5153.81,574.88,1441.55,1081.16,0.80,0.04,2.57,2,2,2,2,61.51,57.61
2025-04-13 02:33:43.745,127.0.0.1,8888,-0.86,-0.01,402.62,351.11,382.57,15.37,8.17,3105.47,-5375.95,400.80,1826.46,1369.84,0.80,0.10,2.88,2,2,2,2,61.52,57.66
2025-04-13 02:33:43.846,127.0.0.1,8888,-1.81,-0.55,398.53,351.18,381.77,15.38,7.72,2928.55,-5379.54,426.90,2051.75,1538.81,0.80,-0.08,3.37,2,2,2,2,61.52,57.72
2025-04-13 02:33:43.946,127.0.0.1,8888,-3.56,-0.71,397.51,351.86,378.08,15.10,8.37,3143.33,-5292.96,529.33,1616.04,1212.03,0.80,-0.01,3.30,2,2,2,2,61.53,57.77
2025-04-13 02:33:44.046,127.0.0.1,8888,-0.11,-0.98,398.26,350.95,377.94,15.19,8.37,3143.72,-5310.38,503.49,1663.15,1247.37,0.80,0.06,3.28,2,2,2,2,61.54,57.82
2025-04-13 02:33:44.146,127.0.0.1,8888,3.91,0.97,398.09,350.19,382.59,14.90,7.80,2965.85,-5198.37,532.32,1739.33,1304.50,0.80,-0.08,2.68,2,2,2,2,61.54,57.88
2025-04-13 02:33:44.246,127.0.0.1,8888,2.82,-0.66,398.48,348.74,380.56,14.71,8.29,3136.13,-5110.31,479.75,1483.27,1112.45,0.80,-0.08,2.84,2,2,2,2,61.55,57.93
2025-04-13 02:33:44.346,127.0.0.1,8888,0.77,-0.66,400.06,349.30,377.66,14.61,8.39,3152.47,-5084.18,441.38,1486.28,1114.71,0.80,-0.06,2.85,2,2,2,2,61.55,57.98
2025-04-13 02:33:44.447,127.0.0.1,8888,3.99,0.87,397.43,349.89,380.08,15.30,7.61,2876.40,-5335.40,411.77,2050.26,1537.70,0.80,-0.00,2.59,2,2,2,2,61.56,58.03
2025-04-13 02:33:44.547,127.0.0.1,8888,-4.73,0.87,401.03,351.46,383.00,15.22,8.04,3061.32,-5331.16,419.84,1801.62,1351.22,0.80,0.03,2.75,2,2,2,2,61.56,58.08
2025-04-13 02:33:44.647,127.0.0.1,8888,0.93,0.72,399.10,350.64,377.06,14.88,7.81,2930.19,-5201.77,516.45,1726.29,1294.72,0.80,-0.05,2.93,2,2,2,2,61.57,58.14
2025-04-13 02:33:44.747,127.0.0.1,8888,2.79,0.45,400.80,349.57,381.84,15.18,7.67,2914.67,-5292.05,451.53,1941.53,1456.15,0.80,0.08,2.57,2,2,2,2,61.58,58.19
2025-04-13 02:33:44.847,127.0.0.1,8888,-4.09,0.68,400.38,349.34,377.06,14.87,8.05,3018.29,-5178.73,450.86,1697.34,1273.01,0.80,0.07,2.92,2,2,2,2,61.58,58.24
2025-04-13 02:33:44.947,127.0.0.1,8888,1.18,-0.59,398.61,351.63,378.58,14.67,7.66,2885.12,-5141.87,433.55,1799.06,1349.30,0.80,0.02,3.28,2,2,2,2,61.59,58.29
2025-04-13 02:33:45.048,127.0.0.1,8888,1.57,-0.30,399.05,349.58,381.25,15.30,7.72,2928.09,-5333.44,548.24,1864.38,1398.28,0.80,0.04,2.92,2,2,2,2,61.59,58.35
2025-04-13 02:33:45.148,127.0.0.1,8888,4.22,0.08,400.80,351.72,378.79,15.36,7.83,2952.48,-5388.81,473.70,1977.41,1483.06,0.80,0.06,3.42,2,2,2,2,61.60,58.40
2025-04-13 02:33:45.248,127.0.0.1,8888,-3.06,-0.48,398.98,349.42,379.59,14.75,7.88,2979.50,-5140.05,444.94,1678.31,1258.73,0.80,0.06,2.64,2,2,2,2,61.61,58.45
2025-04-13 02:33:45.348,127.0.0.1,8888,4.93,0.48,397.53,351.41,378.46,15.14,7.72,2907.77,-5308.03,476.35,1942.63,1456.98,0.80,0.06,2.81,2,2,2,2,61.61,58.50
2025-04-13 02:33:45.448,127.0.0.1,8888,-3.31,-0.03,399.37,348.26,378.10,14.70,8.20,3087.36,-5105.88,436.03,1576.49,1182.37,0.80,0.07,2.74,2,2,2,2,61.62,58.56
2025-04-13 02:33:45.548,127.0.0.1,8888,-4.61,0.21,400.14,350.71,378.37,15.38,8.23,3102.87,-5380.38,533.11,1715.01,1286.26,0.80,0.02,2.58,2,2,2,2,61.62,58.61
2025-04-13 02:33:45.649,127.0.0.1,8888,0.13,0.66,399.33,349.10,377.99,14.80,7.64,2876.73,-5154.30,488.83,1781.25,1335.93,0.80,-0.04,2.88,2,2,2,2,61.63,58.66
2025-04-13 02:33:45.749,127.0.0.1,8888,-4.15,-0.99,401.51,351.48,379.78,14.58,8.17,3090.20,-5114.88,553.34,1495.47,1121.60,0.80,-0.04,2.92,2,2,2,2,61.64,58.71
2025-04-13 02:33:45.849,127.0.0.1,8888,-1.10,0.55,397.17,348.59,379.34,15.01,7.82,2955.86,-5223.46,573.15,1683.29,1262.47,0.80,0.00,2.94,2,2,2,2,61.64,58.76
2025-04-13 02:33:45.949,127.0.0.1,8888,0.79,0.22,401.80,351.55,382.13,15.18,8.17,3112.72,-5327.43,580.89,1671.10,1253.32,0.80,0.03,3.40,2,2,2,2,61.65,58.82
2025-04-13 02:33:46.049,127.0.0.1,8888,-3.39,0.76,399.56,348.44,379.10,15.15,7.61,2877.18,-5269.75,512.02,1880.55,1410.41,0.80,0.09,2.82,2,2,2,2,61.66,58.87
2025-04-13 02:33:46.150,127.0.0.1,8888,3.24,0.11,401.72,351.90,380.40,14.88,8.22,3117.71,-5227.24,452.41,1661.01,1245.76,0.80,0.09,3.39,2,2,2,2,61.66,58.92
2025-04-13 02:33:46.250,127.0.0.1,8888,-4.82,-0.96,400.17,348.33,379.41,15.22,7.60,2875.33,-5294.66,551.26,1895.85,1421.89,0.80,-0.06,3.28,2,2,2,2,61.67,58.98
2025-04-13 02:33:46.350,127.0.0.1,8888,3.45,0.74,402.29,350.01,381.26,15.07,8.38,3186.86,-5265.44,488.80,1567.55,1175.66,0.80,0.07,3.44,2,2,2,2,61.68,59.03
2025-04-13 02:33:46.450,127.0.0.1,8888,3.72,-0.56,399.62,351.14,382.47,15.30,7.70,2936.07,-5365.21,497.57,1959.62,1469.71,0.80,-0.08,3.48,2,2,2,2,61.68,59.08
2025-04-13 02:33:46.550,127.0.0.1,8888,-4.00,0.13,401.18,351.31,377.62,14.75,8.21,3092.64,-5173.74,533.90,1527.08,1145.31,0.80,0.09,2.96,2,2,2,2,61.69,59.13
2025-04-13 02:33:46.651,127.0.0.1,8888,0.67,0.98,398.32,350.40,377.88,15.25,7.73,2915.96,-5336.08,449.15,1989.91,1492.43,0.80,0.06,3.17,2,2,2,2,61.70,59.19
2025-04-13 02:33:46.751,127.0.0.1,8888,-1.21,0.71,400.90,350.65,382.05,14.52,8.11,3093.18,-5086.47,589.46,1371.29,1028.47,0.80,0.06,3.36,2,2,2,2,61.70,59.24
2025-04-13 02:33:46.851,127.0.0.1,8888,-4.69,-0.04,397.26,350.31,377.72,14.97,8.21,3093.86,-5239.91,430.71,1704.08,1278.06,0.80,-0.09,3.42,2,2,2,2,61.71,59.29
2025-04-13 02:33:46.951,127.0.0.1,8888,4.27,-0.17,401.90,349.96,379.01,15.38,8.21,3106.45,-5378.53,481.63,1783.79,1337.84,0.80,0.02,2.85,2,2,2,2,61.71,59.34
2025-04-13 02:33:47.051,127.0.0.1,8888,-0.23,0.97,400.14,351.69,380.58,14.62,8.27,3144.03,-5138.56,466.51,1498.39,1123.79,0.80,-0.07,3.35,2,2,2,2,61.72,59.40
2025-04-13 02:33:47.151,127.0.0.1,8888,3.05,-0.28,402.41,351.95,380.76,15.36,7.91,3009.25,-5401.67,575.75,1792.57,1344.43,0.80,-0.05,2.72,2,2,2,2,61.73,59.45
2025-04-13 02:33:47.252,127.0.0.1,8888,-3.61,0.91,397.51,348.51,377.42,15.26,7.72,2910.04,-5314.94,440.63,1999.75,1499.81,0.80,0.08,3.37,2,2,2,2,61.73,59.50
2025-04-13 02:33:47.352,127.0.0.1,8888,-2.37,0.02,398.66,348.83,380.72,15.23,7.62,2899.47,-5311.17,509.81,1862.00,1396.50,0.80,0.01,2.61,2,2,2,2,61.74,59.56
2025-04-13 02:33:47.452,127.0.0.1,8888,4.99,0.23,399.58,351.07,377.53,15.03,8.32,3139.75,-5275.24,558.97,1562.96,1172.22,0.80,-0.03,2.85,2,2,2,2,61.75,59.61
2025-04-13 02:33:47.552,127.0.0.1,8888,-2.24,0.94,397.70,351.94,377.76,15.01,7.86,2966.56,-5281.78,458.99,1831.97,1373.97,0.80,0.09,2.72,2,2,2,2,61.75,59.66
2025-04-13 02:33:47.652,127.0.0.1,8888,4.35,-0.94,402.74,351.85,378.86,14.53,7.67,2904.29,-5110.49,527.93,1644.96,1233.72,0.80,0.08,2.88,2,2,2,2,61.76,59.71
2025-04-13 02:33:47.753,127.0.0.1,8888,-0.36,-0.53,399.42,348.03,378.95,14.69,7.84,2968.06,-5109.83,545.10,1638.74,1229.06,0.80,0.03,2.77,2,2,2,2,61.77,59.76
2025-04-13 02:33:47.853,127.0.0.1,8888,2.73,0.32,400.83,349.75,380.77,14.98,7.80,2968.39,-5238.51,582.15,1702.32,1276.74,0.80,-0.01,2.71,2,2,2,2,61.77,59.82
2025-04-13 02:33:47.953,127.0.0.1,8888,4.17,-0.54,401.04,348.87,378.32,15.14,7.91,2990.96,-5282.03,451.11,1793.13,1344.85,0.80,-0.05,3.04,2,2,2,2,61.78,59.87
2025-04-13 02:33:48.053,127.0.0.1,8888,-3.19,0.24,402.22,351.45,381.40,14.75,8.02,3059.43,-5182.69,518.16,1614.33,1210.74,0.80,-0.03,2.64,2,2,2,2,61.78,59.92
2025-04-13 02:33:48.153,127.0.0.1,8888,-4.68,-0.73,398.13,349.88,378.97,15.36,8.00,3034.06,-5374.96,571.40,1814.70,1361.02,0.80,-0.03,2.57,2,2,2,2,61.79,59.97
2025-04-13 02:33:48.253,127.0.0.1,8888,-2.02,-0.07,401.47,351.16,381.73,15.37,8.15,3113.72,-5398.71,599.44,1714.23,1285.68,0.80,0.04,3.06,2,2,2,2,61.80,60.03
2025-04-13 02:33:48.354,127.0.0.1,8888,4.54,0.70,398.43,349.17,379.06,15.08,8.36,3172.06,-5266.46,568.18,1566.76,1175.07,0.80,0.05,3.28,2,2,2,2,61.81,60.08
2025-04-13 02:33:48.454,127.0.0.1,8888,-4.26,0.13,400.12,351.96,378.54,15.27,8.13,3078.17,-5376.67,411.63,1854.75,1391.06,0.80,0.08,2.97,2,3,2,2,61.81,60.13
2025-04-13 02:33:48.554,127.0.0.1,8888,-3.39,-0.22,402.85,351.83,379.42,15.45,8.40,3188.89,-5438.01,479.86,1816.37,1362.28,0.80,-0.04,2.94,2,2,2,2,61.82,60.19
2025-04-13 02:33:48.654,127.0.0.1,8888,1.79,0.13,402.79,349.74,378.07,14.63,8.33,3152.36,-5118.90,517.13,1444.21,1083.16,0.80,0.03,3.13,2,2,2,2,61.82,60.24
2025-04-13 02:33:48.754,127.0.0.1,8888,3.26,-0.86,397.78,351.97,380.86,14.95,8.22,3134.73,-5266.68,469.83,1664.47,1248.36,0.80,-0.02,2.59,2,2,2,2,61.83,60.29
2025-04-13 02:33:48.860,127.0.0.1,8888,-1.69,0.43,401.30,349.75,379.92,15.35,8.36,3180.42,-5372.27,492.93,1734.30,1300.73,0.80,0.06,2.52,2,2,2,2,61.84,60.35
2025-04-13 02:33:48.960,127.0.0.1,8888,4.79,-0.66,400.40,349.58,380.52,14.51,8.01,3051.25,-5078.30,546.29,1482.99,1112.24,0.80,-0.03,2.56,2,2,2,2,61.84,60.40
2025-04-13 02:33:49.060,127.0.0.1,8888,-1.77,-0.71,397.45,350.59,378.34,15.19,8.39,3181.44,-5331.98,593.00,1568.73,1176.55,0.80,0.05,3.28,2,2,2,2,61.85,60.45
2025-04-13 02:33:49.161,127.0.0.1,8888,-4.47,0.56,398.52,349.90,381.17,14.99,8.24,3148.50,-5252.52,533.05,1600.55,1200.41,0.80,0.06,2.98,2,2,2,2,61.86,60.50
2025-04-13 02:33:49.261,127.0.0.1,8888,1.92,-0.41,399.36,348.97,380.73,14.51,7.79,2971.58,-5071.12,416.49,1650.77,1238.08,0.80,-0.02,2.79,2,2,2,2,61.86,60.55
2025-04-13 02:33:49.361,127.0.0.1,8888,0.03,0.31,401.66,349.49,378.13,14.66,7.73,2929.52,-5131.38,427.33,1751.54,1313.65,0.80,-0.05,2.72,2,2,2,2,61.87,60.60
2025-04-13 02:33:49.461,127.0.0.1,8888,-1.92,0.42,401.76,349.39,381.99,15.33,8.15,3119.39,-5361.81,463.72,1752.78,1314.59,0.80,0.06,2.60,2,2,2,2,61.87,60.66
2025-04-13 02:33:49.561,127.0.0.1,8888,1.83,-0.59,397.46,351.68,380.47,15.32,8.32,3173.08,-5396.78,458.23,1742.74,1307.06,0.80,0.07,3.19,2,2,2,2,61.88,60.71
2025-04-13 02:33:49.662,127.0.0.1,8888,3.35,-0.23,398.06,348.53,381.78,14.65,8.37,3204.12,-5116.08,507.74,1410.89,1058.17,0.80,0.10,3.47,2,2,2,2,61.89,60.76
2025-04-13 02:33:49.762,127.0.0.1,8888,4.85,0.91,402.55,350.96,382.67,14.98,7.99,3066.82,-5266.73,572.09,1652.56,1239.42,0.80,0.06,3.28,2,2,2,2,61.89,60.82
2025-04-13 02:33:49.862,127.0.0.1,8888,4.97,0.46,401.80,349.20,382.12,15.12,8.12,3112.37,-5288.47,557.62,1610.16,1207.62,0.80,-0.08,2.70,2,2,2,2,61.90,60.87
2025-04-13 02:33:49.962,127.0.0.1,8888,-3.80,-0.62,400.30,350.54,381.10,15.30,7.68,2935.63,-5372.70,460.15,2015.95,1511.96,0.80,-0.01,2.79,2,2,2,2,61.91,60.92
2025-04-13 02:33:50.063,127.0.0.1,8888,2.74,-0.56,402.67,351.12,378.09,14.59,7.63,2894.44,-5133.35,525.52,1714.80,1286.10,0.80,0.09,3.49,2,2,2,2,61.91,60.97
2025-04-13 02:33:50.163,127.0.0.1,8888,-2.67,0.07,400.88,351.44,380.13,15.03,7.96,3038.46,-5291.34,410.04,1824.89,1368.67,0.80,-0.03,3.21,2,2,2,2,61.92,61.03
2025-04-13 02:33:50.263,127.0.0.1,8888,-3.42,0.67,399.45,351.04,378.24,14.96,8.13,3085.51,-5263.93,470.14,1717.22,1287.91,0.80,0.08,3.14,2,2,2,2,61.92,61.08
2025-04-13 02:33:50.363,127.0.0.1,8888,1.72,0.30,401.24,349.36,379.34,15.13,7.71,2936.84,-5296.69,435.88,1972.56,1479.42,0.80,0.01,3.17,2,2,2,2,61.93,61.13
2025-04-13 02:33:50.463,127.0.0.1,8888,-1.84,-0.83,402.10,349.45,379.89,15.02,8.02,3059.00,-5259.60,486.86,1692.49,1269.36,0.80,0.08,2.88,2,2,2,2,61.93,61.19
2025-04-13 02:33:50.563,127.0.0.1,8888,2.51,0.07,400.62,348.21,380.07,14.54,7.68,2932.52,-5075.77,589.58,1558.34,1168.75,0.80,0.09,3.14,2,2,2,2,61.94,61.24
2025-04-13 02:33:50.663,127.0.0.1,8888,-1.54,-0.91,400.30,349.44,379.23,15.05,7.75,2951.97,-5273.73,433.14,1850.04,1387.53,0.80,-0.07,2.65,2,2,2,2,61.95,61.29
2025-04-13 02:33:50.764,127.0.0.1,8888,-0.13,-0.26,402.89,350.71,378.23,15.09,8.06,3062.77,-5305.80,559.02,1673.40,1255.05,0.80,-0.09,3.40,2,2,2,2,61.95,61.34
2025-04-13 02:33:50.864,127.0.0.1,8888,-4.74,0.36,397.14,349.58,379.38,15.44,7.84,2989.71,-5413.23,504.97,1886.18,1414.63,0.80,-0.04,3.25,2,2,2,2,61.96,61.40
2025-04-13 02:33:50.964,127.0.0.1,8888,-3.29,-0.88,398.06,349.72,378.38,14.75,7.74,2944.47,-5171.45,461.28,1739.26,1304.45,0.80,0.01,3.40,2,2,2,2,61.97,61.45
2025-04-13 02:33:51.064,127.0.0.1,8888,-2.40,0.89,397.46,350.39,381.51,14.57,8.05,3087.29,-5120.54,591.20,1437.40,1078.05,0.80,-0.01,3.36,2,2,2,2,61.97,61.50
2025-04-13 02:33:51.164,127.0.0.1,8888,2.50,0.20,397.03,349.64,379.23,14.90,8.16,3110.35,-5226.09,531.98,1601.60,1201.20,0.80,-0.07,3.25,2,2,2,2,61.98,61.55
2025-04-13 02:33:51.264,127.0.0.1,8888,3.90,0.78,401.39,349.94,382.98,14.95,8.12,3125.89,-5248.15,599.22,1489.87,1117.40,0.80,0.02,2.90,2,2,2,2,61.99,61.60
2025-04-13 02:33:51.365,127.0.0.1,8888,1.73,-0.68,401.49,349.08,377.92,15.31,8.05,3058.34,-5362.64,595.32,1681.89,1261.41,0.80,0.02,3.21,2,2,2,2,62.00,61.66
2025-04-13 02:33:51.465,127.0.0.1,8888,1.65,0.19,401.17,351.12,377.64,14.66,8.16,3099.41,-5163.43,467.74,1552.39,1164.29,0.80,-0.08,2.68,2,2,2,2,62.00,61.71
2025-04-13 02:33:51.565,127.0.0.1,8888,-0.97,-0.56,398.24,350.68,377.22,14.66,7.78,2953.07,-5159.64,478.97,1757.93,1318.45,0.80,-0.04,3.18,2,2,2,2,62.01,61.76
2025-04-13 02:33:51.665,127.0.0.1,8888,1.81,-0.06,401.70,349.28,378.94,15.29,7.66,2921.96,-5359.55,460.85,1993.11,1494.83,0.80,0.08,2.86,2,2,2,2,62.01,61.81
2025-04-13 02:33:51.765,127.0.0.1,8888,3.00,0.02,398.40,348.40,378.13,15.43,7.66,2913.41,-5394.44,587.29,1861.45,1396.09,0.80,-0.04,2.70,2,2,2,2,62.02,61.87
2025-04-13 02:33:51.865,127.0.0.1,8888,3.36,-0.95,400.20,350.07,382.52,15.24,8.29,3188.24,-5354.82,433.96,1772.35,1329.26,0.80,0.07,2.55,2,2,2,2,62.03,61.92
2025-04-13 02:33:51.965,127.0.0.1,8888,3.45,-0.08,397.67,350.51,378.43,15.21,7.77,2960.29,-5349.89,586.55,1789.87,1342.40,0.80,-0.01,3.39,2,2,2,2,62.03,61.98
2025-04-13 02:33:52.066,127.0.0.1,8888,1.84,-0.29,402.13,348.36,377.57,15.35,8.15,3096.11,-5368.55,435.41,1856.76,1392.57,0.80,-0.07,3.26,2,2,2,2,62.04,62.03
2025-04-13 02:33:52.166,127.0.0.1,8888,0.97,-0.75,397.06,349.71,378.16,15.09,8.12,3089.15,-5295.99,446.21,1793.15,1344.86,0.80,0.00,3.44,2,2,2,2,62.04,62.08
2025-04-13 02:33:52.266,127.0.0.1,8888,2.78,-0.87,402.80,349.75,377.09,15.08,7.88,2991.91,-5294.66,411.65,1917.94,1438.45,0.80,0.02,3.19,2,2,2,2,62.05,62.13
2025-04-13 02:33:52.366,127.0.0.1,8888,2.08,-0.30,399.46,349.78,379.29,14.86,7.67,2930.67,-5218.99,483.30,1760.56,1320.42,0.80,0.03,2.66,2,2,2,2,62.06,62.19
2025-04-13 02:33:52.466,127.0.0.1,8888,4.46,-0.09,397.96,351.61,377.68,15.40,7.78,2960.26,-5434.72,588.29,1874.72,1406.04,0.80,0.07,3.20,2,2,2,2,62.06,62.24
2025-04-13 02:33:52.566,127.0.0.1,8888,-3.53,0.92,400.24,349.20,378.80,15.35,8.39,3202.13,-5381.26,599.42,1557.03,1167.78,0.80,-0.03,2.87,2,2,2,2,62.07,62.30
2025-04-13 02:33:52.667,127.0.0.1,8888,-2.49,0.14,400.15,350.44,378.85,14.51,7.93,3027.79,-5107.21,491.59,1541.35,1156.02,0.80,-0.06,2.57,2,2,2,2,62.08,62.35
2025-04-13 02:33:52.767,127.0.0.1,8888,1.59,-0.79,402.25,350.84,382.68,14.74,8.31,3204.19,-5193.67,534.70,1426.00,1069.50,0.80,0.03,2.65,2,2,2,2,62.08,62.40
2025-04-13 02:33:52.867,127.0.0.1,8888,2.35,-0.65,402.76,348.38,381.39,14.98,7.69,2956.08,-5243.22,524.16,1812.44,1359.33,0.80,0.03,2.75,2,2,2,2,62.09,62.45
2025-04-13 02:33:52.967,127.0.0.1,8888,3.99,-0.37,402.55,350.75,378.67,14.56,7.94,3029.79,-5129.22,403.85,1695.12,1271.34,0.80,-0.01,3.37,2,2,2,2,62.09,62.50
2025-04-13 02:33:53.067,127.0.0.1,8888,-1.95,-0.02,401.69,351.14,382.27,15.31,7.74,2983.67,-5401.93,439.65,1949.29,1461.96,0.80,-0.02,3.19,2,2,2,2,62.10,62.56
2025-04-13 02:33:53.167,127.0.0.1,8888,-1.13,0.49,402.24,351.61,382.25,15.18,8.31,3200.16,-5362.81,466.33,1699.05,1274.29,0.80,-0.03,3.50,2,2,2,2,62.11,62.61
2025-04-13 02:33:53.267,127.0.0.1,8888,2.04,0.41,400.01,348.94,378.18,15.14,8.18,3118.20,-5307.95,549.87,1620.17,1215.13,0.80,-0.02,3.31,2,2,2,2,62.11,62.66
2025-04-13 02:33:53.368,127.0.0.1,8888,3.70,-0.87,402.79,351.86,379.42,15.38,7.73,2958.91,-5436.80,478.21,1949.84,1462.38,0.80,-0.02,3.10,2,2,2,2,62.12,62.72
2025-04-13 02:33:53.468,127.0.0.1,8888,3.43,0.38,398.84,351.46,381.71,14.82,8.40,3231.87,-5234.14,545.55,1416.96,1062.72,0.80,-0.10,2.71,2,2,2,2,62.13,62.77
2025-04-13 02:33:53.568,127.0.0.1,8888,-2.33,-0.62,401.04,350.22,377.05,14.50,8.30,3156.93,-5105.30,439.82,1524.18,1143.14,0.80,0.06,3.39,2,2,2,2,62.13,62.82
2025-04-13 02:33:53.668,127.0.0.1,8888,1.49,0.65,402.07,351.45,379.27,14.93,8.02,3067.66,-5272.67,426.14,1733.97,1300.48,0.80,0.07,2.77,2,2,2,2,62.14,62.87
2025-04-13 02:33:53.768,127.0.0.1,8888,3.22,-0.96,397.02,350.35,377.21,14.79,8.10,3083.96,-5208.88,539.62,1581.75,1186.31,0.80,0.10,3.47,2,2,2,2,62.14,62.93
2025-04-13 02:33:53.868,127.0.0.1,8888,0.99,0.79,401.13,348.21,379.59,15.07,8.34,3195.40,-5277.09,575.29,1459.65,1094.74,0.80,-0.04,3.16,2,2,3,2,62.15,62.98
2025-04-13 02:33:53.968,127.0.0.1,8888,-4.36,-0.19,400.13,348.67,378.27,15.09,8.17,3120.01,-5289.59,474.90,1676.73,1257.55,0.80,0.03,2.62,2,2,2,2,62.16,63.03
2025-04-13 02:33:54.069,127.0.0.1,8888,-0.93,-0.49,398.87,348.50,378.24,15.30,7.77,2969.37,-5361.17,588.43,1824.43,1368.33,0.80,0.04,3.34,2,2,2,2,62.16,63.08
2025-04-13 02:33:54.169,127.0.0.1,8888,-4.39,0.22,397.35,349.26,377.36,15.47,7.62,2904.65,-5432.11,536.48,1976.10,1482.08,0.80,0.08,3.14,2,2,2,2,62.17,63.14
2025-04-13 02:33:54.269,127.0.0.1,8888,4.04,0.70,401.14,349.72,377.84,14.96,8.21,3129.81,-5261.03,541.68,1544.05,1158.03,0.80,0.01,2.53,2,2,2,2,62.18,63.19
2025-04-13 02:33:54.369,127.0.0.1,8888,-3.25,0.00,402.61,350.23,382.81,15.05,7.64,2952.85,-5301.27,503.73,1833.52,1375.14,0.80,-0.07,2.85,2,2,2,2,62.18,63.24
2025-04-13 02:33:54.469,127.0.0.1,8888,-2.88,0.17,401.17,348.86,377.44,14.62,8.02,3057.97,-5131.24,462.92,1655.07,1241.30,0.80,0.05,2.84,2,2,2,2,62.19,63.30
2025-04-13 02:33:54.570,127.0.0.1,8888,-2.82,0.26,398.52,349.63,378.54,14.53,8.10,3097.35,-5109.16,586.79,1451.03,1088.27,0.80,0.09,3.15,2,2,2,2,62.20,63.35
2025-04-13 02:33:54.670,127.0.0.1,8888,-3.83,0.22,401.56,351.41,379.40,15.23,7.92,3034.18,-5383.92,482.56,1858.56,1393.92,0.80,0.06,3.14,2,2,2,2,62.20,63.40
2025-04-13 02:33:54.770,127.0.0.1,8888,4.20,0.69,397.17,350.22,380.92,15.05,7.80,3000.85,-5303.75,462.29,1846.17,1384.62,0.80,-0.04,3.27,2,2,2,2,62.21,63.45
2025-04-13 02:33:54.870,127.0.0.1,8888,3.72,-0.52,397.06,351.34,380.88,14.93,7.61,2930.77,-5277.15,504.68,1798.81,1349.11,0.80,0.09,2.93,2,2,2,2,62.21,63.51
2025-04-13 02:33:54.970,127.0.0.1,8888,1.67,0.22,402.21,351.78,381.40,14.57,8.01,3085.71,-5157.21,426.86,1616.40,1212.30,0.80,0.07,3.35,2,2,2,2,62.22,63.56
2025-04-13 02:33:55.070,127.0.0.1,8888,-4.99,0.44,399.20,349.58,382.77,14.98,7.90,3055.40,-5268.94,554.85,1659.69,1244.77,0.80,-0.02,3.42,2,2,2,2,62.23,63.61
2025-04-13 02:33:55.171,127.0.0.1,8888,-2.52,-0.08,397.35,351.87,378.02,15.11,8.16,3117.03,-5351.00,558.67,1634.16,1225.62,0.80,-0.02,2.63,2,2,2,2,62.23,63.66
2025-04-13 02:33:55.271,127.0.0.1,8888,1.96,0.94,399.16,350.35,382.99,15.44,8.30,3211.23,-5443.31,477.73,1764.52,1323.39,0.80,-0.05,3.13,2,2,2,2,62.24,63.72
2025-04-13 02:33:55.371,127.0.0.1,8888,-4.77,0.26,401.66,349.62,378.37,14.91,8.19,3134.38,-5245.64,461.31,1691.95,1268.96,0.80,0.05,3.11,2,2,2,2,62.25,63.77
2025-04-13 02:33:55.471,127.0.0.1,8888,1.48,-0.60,400.24,350.65,377.96,15.38,8.02,3065.46,-5427.85,531.21,1878.85,1409.14,0.80,0.07,2.93,2,2,2,2,62.25,63.83
2025-04-13 02:33:55.571,127.0.0.1,8888,-1.79,-0.61,397.41,351.13,378.99,15.20,7.64,2930.40,-5372.36,574.32,1861.26,1395.95,0.80,-0.01,3.38,2,2,2,2,62.26,63.88
2025-04-13 02:33:55.671,127.0.0.1,8888,0.25,0.58,402.85,349.52,381.82,15.28,8.18,3156.86,-5376.96,519.90,1704.58,1278.43,0.80,-0.02,2.65,2,2,2,2,62.27,63.93
2025-04-13 02:33:55.772,127.0.0.1,8888,4.06,-0.63,401.80,349.27,382.01,14.85,7.97,3080.41,-5222.21,597.29,1496.31,1122.23,0.80,-0.08,2.53,2,2,2,2,62.27,63.99
2025-04-13 02:33:55.872,127.0.0.1,8888,4.28,-0.68,401.51,349.72,378.21,15.42,7.75,2965.76,-5426.48,533.72,1891.98,1418.99,0.80,0.05,2.58,2,2,2,2,62.28,64.04
2025-04-13 02:33:55.972,127.0.0.1,8888,0.24,-0.53,399.58,350.83,377.28,15.38,8.29,3162.49,-5430.93,586.14,1722.21,1291.66,0.80,-0.03,2.87,2,2,2,2,62.29,64.09
2025-04-13 02:33:56.072,127.0.0.1,8888,-1.90,0.70,399.25,349.90,377.29,14.68,7.75,2959.44,-5172.72,543.70,1624.07,1218.06,0.80,0.04,2.92,2,2,2,2,62.29,64.15
2025-04-13 02:33:56.172,127.0.0.1,8888,-3.59,-0.65,398.63,349.45,382.18,14.65,8.08,3122.81,-5157.36,583.13,1442.93,1082.20,0.80,-0.00,3.28,2,2,2,2,62.30,64.20
2025-04-13 02:33:56.272,127.0.0.1,8888,0.42,0.18,401.87,349.14,381.62,14.72,7.68,2967.61,-5175.62,416.71,1839.32,1379.49,0.80,-0.07,2.97,2,2,2,2,62.31,64.25
2025-04-13 02:33:56.373,127.0.0.1,8888,3.41,0.47,400.52,349.40,380.05,14.55,8.08,3108.61,-5120.26,545.15,1449.51,1087.13,0.80,0.05,3.03,2,2,2,2,62.31,64.30
2025-04-13 02:33:56.473,127.0.0.1,8888,2.51,-0.19,400.57,351.42,380.07,14.93,7.65,2946.63,-5283.38,470.06,1834.49,1375.87,0.80,-0.04,2.83,2,2,2,2,62.32,64.35
2025-04-13 02:33:56.573,127.0.0.1,8888,-4.73,0.17,398.66,350.84,382.29,15.26,7.74,2997.70,-5393.00,549.07,1858.60,1393.95,0.80,-0.02,3.16,2,2,2,2,62.33,64.41
2025-04-13 02:33:56.673,127.0.0.1,8888,0.54,-0.03,399.86,351.31,377.73,15.07,8.00,3061.76,-5331.29,589.04,1631.10,1223.33,0.80,0.05,2.53,2,2,2,2,62.33,64.46
2025-04-13 02:33:56.773,127.0.0.1,8888,-4.93,0.56,402.42,350.10,378.70,15.48,7.69,2951.33,-5457.66,551.04,1925.42,1444.06,0.80,0.05,3.13,2,2,2,2,62.34,64.51
2025-04-13 02:33:56.873,127.0.0.1,8888,1.85,-0.29,400.83,351.76,378.71,14.72,7.66,2938.20,-5217.61,454.78,1806.88,1355.16,0.80,-0.03,3.48,2,2,2,2,62.35,64.57
2025-04-13 02:33:56.974,127.0.0.1,8888,-1.88,0.68,399.99,349.58,378.16,15.14,7.68,2942.20,-5331.40,596.36,1768.19,1326.14,0.80,-0.06,2.87,2,2,2,2,62.35,64.62
2025-04-13 02:33:57.074,127.0.0.1,8888,2.37,-0.95,399.14,350.81,382.03,15.47,8.37,3235.19,-5465.33,459.71,1793.28,1344.96,0.80,0.05,3.28,2,2,2,2,62.36,64.67
2025-04-13 02:33:57.174,127.0.0.1,8888,-0.17,0.05,402.76,349.67,377.67,14.89,8.33,3186.95,-5247.41,590.64,1505.80,1129.35,0.80,-0.07,2.91,2,2,2,2,62.37,64.73
2025-04-13 02:33:57.274,127.0.0.1,8888,4.85,-0.56,399.52,351.71,381.78,15.05,8.27,3197.43,-5334.83,403.36,1711.37,1283.53,0.80,-0.10,2.67,2,2,2,2,62.37,64.78
2025-04-13 02:33:57.374,127.0.0.1,8888,4.65,0.70,397.84,349.69,382.62,15.45,7.72,2994.77,-5441.81,533.07,1963.06,1472.30,0.80,0.08,3.31,2,2,2,2,62.38,64.84
2025-04-13 02:33:57.474,127.0.0.1,8888,0.01,0.76,401.19,351.65,380.17,15.17,7.65,2948.73,-5374.94,593.41,1841.29,1380.97,0.80,0.05,3.20,2,2,2,2,62.39,64.89
2025-04-13 02:33:57.574,127.0.0.1,8888,1.71,0.27,401.37,348.02,379.10,14.62,7.70,2958.97,-5129.57,485.79,1718.92,1289.19,0.80,-0.07,2.62,2,2,2,2,62.39,64.94
2025-04-13 02:33:57.675,127.0.0.1,8888,-4.26,0.17,399.39,350.23,382.75,14.53,8.32,3226.77,-5128.51,580.20,1371.27,1028.45,0.80,0.06,3.06,2,2,2,2,62.40,64.99
2025-04-13 02:33:57.775,127.0.0.1,8888,-2.79,0.07,398.85,350.85,380.55,15.35,7.65,2953.75,-5428.26,439.05,2014.02,1510.52,0.80,-0.02,2.61,2,2,2,2,62.40,65.05
2025-04-13 02:33:57.875,127.0.0.1,8888,4.30,-0.36,399.20,350.87,380.68,14.51,7.90,3050.32,-5132.22,549.20,1508.62,1131.46,0.80,0.10,2.80,2,2,2,2,62.41,65.10
2025-04-13 02:33:57.975,127.0.0.1,8888,0.97,0.35,398.97,351.31,380.68,14.95,8.24,3180.58,-5293.21,561.57,1521.21,1140.91,0.80,-0.09,3.31,2,2,2,2,62.42,65.15
2025-04-13 02:33:58.075,127.0.0.1,8888,-0.32,-0.18,402.87,350.70,382.07,15.38,8.18,3168.70,-5435.01,530.61,1712.01,1284.01,0.80,-0.02,2.57,2,2,2,2,62.42,65.20
2025-04-13 02:33:58.175,127.0.0.1,8888,-0.82,-0.10,399.95,351.14,378.99,14.84,8.01,3076.80,-5253.78,563.59,1596.63,1197.47,0.80,-0.03,2.94,2,2,2,2,62.43,65.26
2025-04-13 02:33:58.276,127.0.0.1,8888,2.46,-0.48,402.05,350.93,382.86,15.21,7.93,3079.77,-5379.24,591.96,1712.32,1284.24,0.80,-0.09,3.13,2,2,2,2,62.44,65.31
2025-04-13 02:33:58.376,127.0.0.1,8888,-4.38,0.41,400.04,351.75,379.64,14.99,7.87,3029.74,-5316.26,532.89,1773.87,1330.40,0.80,0.09,3.18,2,2,2,2,62.45,65.36
2025-04-13 02:33:58.476,127.0.0.1,8888,-2.93,0.25,400.52,351.98,381.51,14.89,7.88,3050.68,-5283.07,509.45,1761.48,1321.11,0.80,0.03,3.21,2,2,2,2,62.45,65.42
2025-04-13 02:33:58.576,127.0.0.1,8888,-0.21,0.39,398.95,351.29,382.54,14.63,8.19,3175.54,-5182.66,594.14,1444.51,1083.39,0.80,0.06,2.62,2,2,2,2,62.46,65.47
2025-04-13 02:33:58.676,127.0.0.1,8888,-3.03,-0.78,402.36,348.92,378.94,14.83,8.39,3223.47,-5217.58,474.36,1480.04,1110.03,0.80,-0.09,3.36,2,2,2,2,62.47,65.52
2025-04-13 02:33:58.776,127.0.0.1,8888,2.64,-0.94,401.04,349.61,380.16,15.16,8.33,3210.21,-5343.71,450.68,1717.18,1287.89,0.80,0.01,2.70,2,2,2,2,62.47,65.57
2025-04-13 02:33:58.877,127.0.0.1,8888,-2.15,-0.91,398.78,348.70,381.35,14.60,8.09,3131.01,-5135.15,500.45,1462.46,1096.84,0.80,0.09,3.12,2,2,2,2,62.48,65.63
2025-04-13 02:33:58.978,127.0.0.1,8888,-4.79,-0.18,402.45,350.08,382.12,15.16,8.20,3177.86,-5352.47,569.21,1594.09,1195.56,0.80,0.06,2.60,2,2,2,2,62.48,65.68
2025-04-13 02:33:59.077,127.0.0.1,8888,4.72,0.55,399.48,349.29,377.13,15.11,8.04,3075.71,-5324.21,472.08,1767.19,1325.39,0.80,-0.03,2.82,2,2,2,2,62.49,65.73
2025-04-13 02:33:59.177,127.0.0.1,8888,3.82,0.70,397.75,351.15,380.38,14.86,7.88,3041.70,-5263.50,482.25,1784.14,1338.11,0.80,-0.10,3.35,2,2,2,2,62.50,65.78
2025-04-13 02:33:59.292,127.0.0.1,8888,-2.24,0.33,401.26,349.60,378.94,15.15,8.38,3221.99,-5339.89,580.25,1522.90,1142.17,0.80,0.02,3.21,2,2,2,2,62.50,65.84
2025-04-13 02:33:59.378,127.0.0.1,8888,-0.37,0.05,397.76,349.85,378.95,15.27,7.89,3033.79,-5386.08,458.59,1850.09,1387.57,0.80,-0.09,2.85,2,2,2,3,62.51,65.89
2025-04-13 02:33:59.478,127.0.0.1,8888,-1.34,-0.13,401.72,351.33,377.27,14.78,7.76,2973.59,-5237.29,488.01,1746.56,1309.92,0.80,-0.08,3.44,2,2,2,2,62.52,65.94
2025-04-13 02:33:59.590,127.0.0.1,8888,2.82,-0.25,398.31,348.64,380.36,15.41,7.61,2941.56,-5420.05,552.16,1937.46,1453.09,0.80,0.01,3.46,2,2,2,2,62.52,66.00
2025-04-13 02:33:59.678,127.0.0.1,8888,-0.71,0.71,399.25,351.11,377.92,14.62,8.20,3143.36,-5179.86,453.16,1606.64,1204.98,0.80,-0.04,3.31,2,2,2,2,62.53,66.05
2025-04-13 02:33:59.778,127.0.0.1,8888,-2.12,-0.30,399.22,348.66,378.09,14.79,7.71,2960.93,-5202.45,430.69,1804.25,1353.18,0.80,-0.08,2.63,2,2,2,2,62.53,66.10
2025-04-13 02:33:59.889,127.0.0.1,8888,-4.97,-0.84,397.82,349.72,381.61,14.83,8.38,3245.22,-5231.04,487.12,1539.53,1154.64,0.80,0.04,3.17,2,2,2,2,62.54,66.15
2025-04-13 02:33:59.980,127.0.0.1,8888,3.23,-0.72,398.81,351.46,380.28,14.55,7.85,3032.49,-5159.29,426.13,1711.16,1283.37,0.80,-0.04,3.44,2,2,2,2,62.55,66.21
2025-04-13 02:34:00.080,127.0.0.1,8888,-1.94,-0.85,400.20,349.22,378.15,14.63,7.74,2973.46,-5154.51,591.91,1581.66,1186.25,0.80,-0.07,2.61,2,2,2,2,62.55,66.26
2025-04-13 02:34:00.189,127.0.0.1,8888,0.78,-0.47,397.54,348.73,379.39,14.90,8.12,3127.50,-5242.75,445.47,1706.11,1279.58,0.80,-0.00,3.02,3,2,2,2,62.56,66.31
2025-04-13 02:34:00.284,127.0.0.1,8888,2.95,-0.50,402.98,350.13,377.81,14.94,8.39,3218.71,-5278.45,431.21,1637.03,1227.77,0.80,-0.05,3.12,2,2,2,2,62.56,66.36
2025-04-13 02:34:00.384,127.0.0.1,8888,1.09,0.16,401.23,351.72,381.94,15.34,8.34,3233.09,-5443.08,501.23,1675.91,1256.93,0.80,-0.07,3.21,2,2,2,2,62.57,66.42
2025-04-13 02:34:00.504,127.0.0.1,8888,-0.02,0.25,402.40,351.52,382.06,14.86,7.90,3063.88,-5270.37,439.19,1804.76,1353.57,0.80,-0.10,3.38,2,2,2,2,62.58,66.47
2025-04-13 02:34:00.585,127.0.0.1,8888,-2.22,0.04,398.42,350.01,382.28,14.59,8.34,3236.58,-5155.67,527.32,1387.84,1040.88,0.80,0.07,2.71,2,2,2,2,62.58,66.52
2025-04-13 02:34:00.685,127.0.0.1,8888,-0.77,-0.78,402.99,348.52,379.50,14.78,8.12,3130.66,-5199.90,420.95,1666.90,1250.18,0.80,-0.10,2.78,2,2,2,2,62.59,66.57
2025-04-13 02:34:00.804,127.0.0.1,8888,-4.03,0.11,398.99,348.39,378.48,15.04,8.35,3207.20,-5286.23,533.63,1563.25,1172.44,0.80,0.00,2.63,2,2,2,2,62.59,66.63
2025-04-13 02:34:00.886,127.0.0.1,8888,-3.33,-0.42,401.99,349.23,379.51,14.98,8.38,3228.52,-5279.14,583.27,1464.23,1098.17,0.80,-0.09,2.88,2,2,2,2,62.60,66.68
2025-04-13 02:34:00.987,127.0.0.1,8888,4.09,-0.87,402.30,350.76,377.90,14.75,7.99,3067.64,-5222.04,457.74,1714.48,1285.86,0.80,-0.05,3.00,2,2,2,2,62.61,66.73
2025-04-13 02:34:01.105,127.0.0.1,8888,-0.16,0.03,397.48,351.74,380.15,15.13,8.32,3210.41,-5370.26,454.11,1748.21,1311.16,0.80,0.03,3.35,2,2,2,2,62.61,66.79
2025-04-13 02:34:01.188,127.0.0.1,8888,1.98,-0.83,400.02,349.11,381.88,15.25,7.73,3001.35,-5371.40,467.46,1925.66,1444.25,0.80,0.01,2.56,2,2,2,2,62.62,66.84
2025-04-13 02:34:01.288,127.0.0.1,8888,-3.95,0.45,398.21,351.19,378.85,14.71,8.38,3221.52,-5214.74,426.11,1586.30,1189.73,0.80,0.05,2.78,2,2,2,2,62.62,66.89
2025-04-13 02:34:01.404,127.0.0.1,8888,4.86,-0.86,400.97,348.77,379.46,14.68,7.85,3025.84,-5168.01,543.19,1637.35,1228.01,0.80,0.10,2.89,2,2,2,2,62.63,66.94
2025-04-13 02:34:01.490,127.0.0.1,8888,2.88,0.31,400.32,350.06,382.83,14.63,7.86,3057.86,-5169.02,466.57,1644.69,1233.52,0.80,0.03,2.75,2,2,2,2,62.64,66.99
2025-04-13 02:34:01.590,127.0.0.1,8888,-1.83,-0.95,399.66,349.31,381.24,15.39,8.07,3125.86,-5425.04,586.38,1666.12,1249.59,0.80,-0.00,2.83,2,2,2,2,62.64,67.05
2025-04-13 02:34:01.711,127.0.0.1,8888,0.47,-0.86,401.14,351.37,377.67,15.28,8.14,3124.10,-5417.60,573.89,1756.02,1317.02,0.80,0.07,3.19,2,2,2,2,62.65,67.10
2025-04-13 02:34:01.792,127.0.0.1,8888,-2.55,0.86,398.06,351.06,377.16,14.50,7.85,3007.94,-5141.09,400.86,1760.72,1320.54,0.80,-0.07,2.80,2,2,2,2,62.66,67.15
2025-04-13 02:34:01.892,127.0.0.1,8888,-2.89,-0.05,397.11,350.78,382.64,14.51,8.29,3220.74,-5139.40,590.30,1292.02,969.01,0.80,-0.01,3.05,2,2,2,2,62.66,67.21
2025-04-13 02:34:02.011,127.0.0.1,8888,-1.68,0.55,399.83,349.83,378.69,14.66,7.96,3062.78,-5176.36,456.40,1648.02,1236.02,0.80,0.07,2.92,2,2,2,2,62.67,67.26
2025-04-13 02:34:02.093,127.0.0.1,8888,-0.84,-0.85,400.15,349.47,380.71,14.65,8.14,3150.09,-5169.81,583.33,1442.41,1081.81,0.80,-0.06,2.61,2,2,2,2,62.68,67.31
2025-04-13 02:34:02.196,127.0.0.1,8888,-0.50,-0.40,400.93,350.04,379.17,14.77,7.93,3057.27,-5218.36,562.49,1606.94,1205.21,0.80,0.05,3.42,2,2,2,2,62.68,67.36
2025-04-13 02:34:02.312,127.0.0.1,8888,-1.41,-0.34,402.65,348.64,377.99,14.81,7.91,3038.46,-5214.18,419.74,1733.21,1299.91,0.80,-0.04,2.88,2,2,2,2,62.69,67.41
2025-04-13 02:34:02.396,127.0.0.1,8888,-3.20,0.22,401.32,351.48,379.22,14.86,8.13,3132.74,-5274.10,412.35,1737.89,1303.42,0.80,0.08,3.03,2,2,2,2,62.69,67.47
2025-04-13 02:34:02.497,127.0.0.1,8888,1.35,-1.00,398.95,351.03,379.14,14.60,8.36,3217.51,-5175.91,552.41,1455.78,1091.84,0.80,0.04,2.73,2,2,2,2,62.70,67.52
2025-04-13 02:34:02.611,127.0.0.1,8888,-3.93,0.29,401.55,350.18,378.22,15.26,8.20,3151.20,-5391.89,562.75,1684.42,1263.32,0.80,0.06,3.19,2,2,2,2,62.71,67.57
2025-04-13 02:34:02.697,127.0.0.1,8888,1.95,0.02,399.69,351.19,379.81,15.36,8.01,3090.48,-5444.22,528.24,1830.94,1373.20,0.80,0.07,3.20,2,2,2,2,62.71,67.63
2025-04-13 02:34:02.800,127.0.0.1,8888,2.31,0.21,398.66,348.34,377.70,14.94,7.78,2987.69,-5254.70,551.82,1735.09,1301.32,0.80,-0.02,2.79,2,2,2,2,62.72,67.68
2025-04-13 02:34:02.912,127.0.0.1,8888,0.10,-0.41,397.14,350.33,379.30,14.87,7.90,3046.28,-5257.70,485.71,1675.77,1256.83,0.80,-0.05,3.14,2,2,2,2,62.73,67.73
2025-04-13 02:34:03.001,127.0.0.1,8888,-4.58,-0.37,401.70,350.70,378.47,14.96,8.20,3153.52,-5296.53,515.15,1643.67,1232.75,0.80,-0.05,2.91,2,2,2,2,62.73,67.78
2025-04-13 02:34:03.101,127.0.0.1,8888,-3.91,-0.23,402.97,351.03,379.13,14.84,7.72,2977.07,-5260.42,426.32,1858.92,1394.19,0.80,0.04,3.18,2,2,2,2,62.74,67.84
2025-04-13 02:34:03.212,127.0.0.1,8888,-3.65,0.28,402.84,348.35,378.58,15.09,8.19,3149.98,-5307.16,559.13,1608.66,1206.50,0.80,-0.05,3.32,2,2,2,2,62.75,67.89
2025-04-13 02:34:03.301,127.0.0.1,8888,1.34,-0.74,398.90,350.04,378.26,14.58,8.28,3182.45,-5153.85,487.95,1510.92,1133.19,0.80,-0.03,3.24,2,2,2,2,62.75,67.94
2025-04-13 02:34:03.401,127.0.0.1,8888,-0.68,-0.67,401.15,350.86,381.13,14.68,7.99,3096.51,-5201.22,558.31,1570.23,1177.67,0.80,-0.05,3.27,2,2,2,2,62.76,67.99
2025-04-13 02:34:03.512,127.0.0.1,8888,-4.05,0.72,399.67,349.29,382.26,14.90,8.30,3221.68,-5254.14,591.38,1421.24,1065.93,0.80,0.03,2.80,2,2,2,2,62.77,68.05
2025-04-13 02:34:03.603,127.0.0.1,8888,-0.24,0.32,399.62,350.54,377.48,14.75,7.72,2965.76,-5219.73,506.73,1754.17,1315.63,0.80,0.04,2.96,2,2,2,2,62.77,68.10
2025-04-13 02:34:03.704,127.0.0.1,8888,-1.98,-0.06,401.52,351.27,377.81,15.10,7.82,3003.08,-5353.15,486.74,1815.31,1361.48,0.80,0.05,2.54,2,2,2,2,62.78,68.15
2025-04-13 02:34:03.811,127.0.0.1,8888,-3.81,0.44,401.70,349.11,378.33,15.23,8.31,3194.16,-5365.60,561.13,1607.07,1205.30,0.80,0.00,3.22,2,2,2,2,62.79,68.21
2025-04-13 02:34:03.904,127.0.0.1,8888,-4.00,0.27,397.73,350.52,377.58,15.37,7.94,3048.52,-5438.13,584.40,1772.82,1329.61,0.80,0.05,3.10,2,2,2,2,62.79,68.26
2025-04-13 02:34:04.005,127.0.0.1,8888,-1.66,-0.12,399.42,351.68,382.98,15.39,8.32,3236.22,-5461.12,454.42,1756.37,1317.27,0.80,0.00,2.85,2,2,2,2,62.80,68.31
2025-04-13 02:34:04.111,127.0.0.1,8888,3.99,0.57,399.47,348.71,377.27,15.38,7.81,2998.15,-5414.65,465.80,1923.43,1442.58,0.80,-0.04,3.15,2,2,2,2,62.80,68.37
2025-04-13 02:34:04.205,127.0.0.1,8888,4.22,-0.96,397.66,349.49,379.62,15.15,8.34,3215.63,-5343.08,452.72,1719.45,1289.59,0.80,0.06,3.14,2,2,2,2,62.81,68.42
2025-04-13 02:34:04.305,127.0.0.1,8888,-3.90,-0.72,402.28,351.00,381.51,14.81,7.95,3081.65,-5249.82,580.76,1567.57,1175.67,0.80,0.07,3.30,2,2,2,2,62.82,68.47
2025-04-13 02:34:04.412,127.0.0.1,8888,4.82,0.59,397.33,351.52,379.27,15.01,7.61,2937.74,-5325.34,543.44,1850.32,1387.74,0.80,-0.05,2.51,2,2,2,2,62.82,68.53
2025-04-13 02:34:04.506,127.0.0.1,8888,-3.86,-0.55,398.50,349.88,377.57,14.50,7.82,3003.52,-5123.61,564.54,1516.27,1137.20,0.80,0.08,3.21,2,2,2,2,62.83,68.58
2025-04-13 02:34:04.606,127.0.0.1,8888,-4.24,0.61,399.80,349.43,377.07,15.30,7.87,3017.37,-5395.42,530.60,1821.38,1366.03,0.80,0.03,2.64,2,2,2,2,62.84,68.63
2025-04-13 02:34:04.718,127.0.0.1,8888,-4.64,0.73,400.47,349.52,378.55,14.93,7.78,2993.57,-5269.14,404.05,1901.72,1426.29,0.80,-0.03,2.96,2,2,2,2,62.84,68.69
2025-04-13 02:34:04.807,127.0.0.1,8888,3.38,0.19,401.68,350.37,377.51,14.71,7.86,3016.70,-5203.48,426.01,1762.97,1322.23,0.80,0.08,3.46,2,2,2,2,62.85,68.74
2025-04-13 02:34:04.907,127.0.0.1,8888,0.26,-0.65,400.03,348.16,382.81,15.21,8.32,3233.19,-5343.86,596.70,1517.13,1137.85,0.80,0.06,2.96,2,2,2,2,62.86,68.79
2025-04-13 02:34:05.020,127.0.0.1,8888,4.54,0.78,398.81,351.86,377.05,14.82,7.98,3060.08,-5263.31,433.47,1798.64,1348.98,0.80,-0.02,3.44,2,2,2,2,62.86,68.84
2025-04-13 02:34:05.107,127.0.0.1,8888,-3.90,-0.40,397.16,351.38,382.44,15.38,7.91,3075.16,-5454.75,593.09,1799.59,1349.69,0.80,0.01,3.24,2,2,2,2,62.87,68.90
2025-04-13 02:34:05.207,127.0.0.1,8888,-4.11,0.85,399.73,350.16,379.87,15.30,7.94,3066.12,-5405.44,598.62,1727.65,1295.74,0.80,0.01,3.18,2,2,2,2,62.88,68.95
2025-04-13 02:34:05.319,127.0.0.1,8888,4.14,-0.28,399.25,348.44,377.14,15.25,8.21,3145.12,-5364.40,591.82,1650.20,1237.65,0.80,-0.04,3.17,2,2,2,2,62.88,69.01
2025-04-13 02:34:05.408,127.0.0.1,8888,3.82,0.41,397.49,350.56,379.07,15.28,7.96,3066.48,-5406.37,533.81,1815.82,1361.86,0.80,-0.08,3.20,2,2,2,2,62.89,69.06
2025-04-13 02:34:05.508,127.0.0.1,8888,-2.09,0.59,397.68,348.99,381.97,14.72,7.94,3082.29,-5185.77,538.75,1571.95,1178.96,0.80,0.05,2.90,2,2,2,2,62.90,69.11
2025-04-13 02:34:05.622,127.0.0.1,8888,4.78,0.85,400.66,350.04,378.87,14.67,8.27,3181.98,-5185.36,506.94,1465.39,1099.05,0.80,-0.10,2.69,2,2,2,2,62.90,69.16
2025-04-13 02:34:05.709,127.0.0.1,8888,3.16,0.14,400.75,349.32,380.00,14.79,8.16,3148.91,-5214.55,491.33,1568.28,1176.21,0.80,0.04,2.60,2,2,2,2,62.91,69.22
2025-04-13 02:34:05.809,127.0.0.1,8888,4.74,0.20,401.55,350.73,382.73,14.79,7.66,2981.06,-5237.16,520.69,1692.20,1269.15,0.80,-0.03,2.80,2,2,2,2,62.92,69.27
2025-04-13 02:34:05.921,127.0.0.1,8888,-1.83,0.34,397.42,349.08,379.51,15.07,7.67,2959.94,-5310.49,447.17,1856.81,1392.60,0.80,0.08,3.38,2,2,2,2,62.92,69.32
2025-04-13 02:34:06.010,127.0.0.1,8888,2.98,0.86,400.49,351.23,381.11,15.13,7.99,3092.60,-5363.94,487.56,1813.16,1359.87,0.80,-0.08,2.86,2,2,2,2,62.93,69.38
2025-04-13 02:34:06.111,127.0.0.1,8888,1.02,-0.27,400.97,351.14,379.33,14.77,8.21,3163.54,-5235.13,544.25,1541.25,1155.94,0.80,0.10,3.47,2,2,2,2,62.93,69.43
2025-04-13 02:34:06.219,127.0.0.1,8888,-2.51,0.93,401.70,349.17,379.21,14.84,8.17,3147.68,-5229.77,590.96,1473.36,1105.02,0.80,0.08,3.44,2,2,2,2,62.94,69.48
2025-04-13 02:34:06.312,127.0.0.1,8888,2.97,-0.01,400.68,349.01,379.05,15.28,8.17,3143.55,-5380.38,551.75,1663.21,1247.41,0.80,-0.04,3.02,2,2,2,2,62.95,69.53
2025-04-13 02:34:06.416,127.0.0.1,8888,-2.81,0.45,398.94,351.87,379.63,15.04,7.64,2947.91,-5341.05,406.19,2011.42,1508.56,0.80,-0.03,2.77,2,2,2,2,62.95,69.59
2025-04-13 02:34:06.520,127.0.0.1,8888,-1.01,0.70,399.97,350.26,382.81,14.81,7.83,3045.54,-5234.45,550.22,1646.38,1234.79,0.80,0.01,3.13,2,2,2,2,62.96,69.64
2025-04-13 02:34:06.617,127.0.0.1,8888,2.91,-0.87,402.61,351.00,377.36,14.68,7.95,3048.46,-5199.68,599.37,1520.69,1140.52,0.80,0.03,2.65,2,2,2,2,62.97,69.69
2025-04-13 02:34:06.717,127.0.0.1,8888,0.17,0.06,402.52,348.22,378.63,15.10,7.87,3026.06,-5304.53,444.09,1814.86,1361.15,0.80,-0.09,2.59,2,2,2,2,62.97,69.74
2025-04-13 02:34:06.822,127.0.0.1,8888,-1.67,-0.48,399.16,348.07,380.12,15.43,7.85,3032.05,-5418.60,515.47,1867.91,1400.93,0.80,0.01,2.53,2,2,2,2,62.98,69.80
2025-04-13 02:34:06.918,127.0.0.1,8888,3.71,0.48,400.77,348.64,378.24,14.89,8.30,3186.26,-5239.64,473.60,1605.46,1204.09,0.80,0.10,2.74,2,2,2,2,62.99,69.85
2025-04-13 02:34:07.018,127.0.0.1,8888,2.28,0.07,402.95,351.65,377.96,15.11,8.08,3100.94,-5360.40,462.88,1752.97,1314.73,0.80,0.04,2.79,2,2,2,2,62.99,69.90
2025-04-13 02:34:07.118,127.0.0.1,8888,-1.61,0.46,399.02,348.01,382.21,15.23,7.76,3013.93,-5348.43,429.41,1870.53,1402.90,0.80,0.04,3.38,2,2,2,2,63.00,69.96
2025-04-13 02:34:07.219,127.0.0.1,8888,4.69,-0.20,399.69,348.10,379.56,14.71,8.17,3146.32,-5168.33,400.20,1582.02,1186.52,0.80,-0.06,3.28,2,2,2,2,63.00,70.01
2025-04-13 02:34:07.319,127.0.0.1,8888,-4.30,0.27,398.44,348.89,377.13,14.83,8.20,3139.05,-5220.35,555.00,1512.93,1134.69,0.80,0.04,3.06,2,2,2,2,63.01,70.06
2025-04-13 02:34:07.419,127.0.0.1,8888,1.31,0.27,399.45,351.96,377.35,14.87,8.36,3202.37,-5279.03,403.45,1623.76,1217.82,0.80,-0.00,3.44,2,2,2,2,63.01,70.11
2025-04-13 02:34:07.519,127.0.0.1,8888,-4.99,-0.93,402.53,351.45,377.41,14.51,8.38,3208.91,-5144.79,501.07,1443.85,1082.89,0.80,0.02,2.82,2,2,2,2,63.02,70.17
2025-04-13 02:34:07.620,127.0.0.1,8888,-4.46,-0.01,397.41,351.18,380.46,14.65,7.72,2982.11,-5189.73,487.63,1671.87,1253.90,0.80,0.08,2.79,2,2,2,2,63.03,70.22
2025-04-13 02:34:07.722,127.0.0.1,8888,3.52,-0.67,400.34,350.38,379.00,15.23,7.71,2968.13,-5380.58,449.42,1966.93,1475.20,0.80,0.06,2.67,2,2,2,2,63.03,70.27
2025-04-13 02:34:07.821,127.0.0.1,8888,3.88,0.84,401.15,350.45,380.53,15.39,8.37,3230.61,-5438.37,534.68,1644.94,1233.70,0.80,0.03,3.34,2,2,2,2,63.04,70.33
2025-04-13 02:34:07.922,127.0.0.1,8888,2.41,-0.40,400.45,348.34,378.58,15.37,7.98,3066.86,-5401.28,579.11,1754.43,1315.82,0.80,-0.04,2.97,2,2,2,2,63.05,70.38
2025-04-13 02:34:08.022,127.0.0.1,8888,2.69,0.35,398.00,349.73,380.68,14.85,8.30,3206.86,-5238.89,406.19,1657.43,1243.07,0.80,0.09,3.27,2,2,2,2,63.05,70.43
2025-04-13 02:34:08.122,127.0.0.1,8888,-3.09,-0.84,397.25,349.05,377.73,14.50,8.37,3207.48,-5107.73,497.75,1390.87,1043.15,0.80,0.10,3.13,2,2,2,2,63.06,70.48
2025-04-13 02:34:08.222,127.0.0.1,8888,-3.86,0.60,399.78,351.88,379.53,15.03,8.26,3179.59,-5332.36,521.94,1615.02,1211.26,0.80,0.04,3.21,2,2,2,2,63.06,70.54
2025-04-13 02:34:08.322,127.0.0.1,8888,4.74,0.18,399.85,350.70,378.74,15.38,8.21,3154.57,-5437.02,562.12,1761.47,1321.10,0.80,0.04,2.60,2,2,2,2,63.07,70.59
2025-04-13 02:34:08.423,127.0.0.1,8888,-1.41,0.61,400.89,350.78,378.27,14.72,8.29,3181.33,-5209.44,592.74,1449.13,1086.85,0.80,0.04,3.31,2,2,2,2,63.08,70.64
2025-04-13 02:34:08.523,127.0.0.1,8888,3.03,-0.59,397.60,351.97,377.04,14.61,7.89,3017.36,-5186.19,580.37,1627.39,1220.54,0.80,0.05,2.99,2,2,2,2,63.09,70.70
2025-04-13 02:34:08.623,127.0.0.1,8888,2.74,0.90,401.44,351.52,378.08,14.85,7.61,2920.55,-5262.63,565.53,1775.07,1331.30,0.80,0.03,2.52,2,2,2,2,63.09,70.75
2025-04-13 02:34:08.723,127.0.0.1,8888,2.89,0.87,400.49,349.57,381.98,14.77,8.30,3216.11,-5207.34,476.73,1474.82,1106.11,0.80,-0.07,2.85,2,2,2,2,63.10,70.80
2025-04-13 02:34:08.823,127.0.0.1,8888,3.90,-0.79,397.73,349.98,378.58,14.58,8.30,3185.05,-5145.91,440.49,1538.43,1153.82,0.80,0.02,3.08,2,2,2,2,63.10,70.85
2025-04-13 02:34:08.924,127.0.0.1,8888,-0.59,-0.18,399.42,350.35,379.00,14.94,8.05,3094.15,-5278.25,407.03,1820.76,1365.57,0.80,0.09,2.70,2,2,2,2,63.11,70.90
2025-04-13 02:34:09.024,127.0.0.1,8888,2.27,0.69,401.92,350.45,377.42,14.71,8.27,3162.93,-5199.39,404.01,1678.23,1258.67,0.80,0.06,2.59,2,2,2,2,63.11,70.96
2025-04-13 02:34:09.124,127.0.0.1,8888,0.89,0.76,398.63,349.47,381.68,14.93,8.20,3172.55,-5258.85,424.96,1620.90,1215.67,0.80,-0.10,3.29,2,2,2,2,63.12,71.01
2025-04-13 02:34:09.224,127.0.0.1,8888,1.89,0.33,399.01,348.55,377.66,14.92,8.02,3069.59,-5243.34,402.24,1721.60,1291.20,0.80,-0.10,2.54,2,2,2,2,63.12,71.06
2025-04-13 02:34:09.324,127.0.0.1,8888,-0.87,-0.84,400.82,348.41,379.76,14.56,7.95,3061.60,-5115.39,466.47,1554.89,1166.17,0.80,-0.07,2.61,2,2,2,2,63.13,71.11
2025-04-13 02:34:09.425,127.0.0.1,8888,3.68,0.16,400.94,348.38,380.34,15.37,7.81,3011.87,-5397.14,491.74,1897.20,1422.90,0.80,-0.01,2.51,2,2,2,2,63.14,71.17
2025-04-13 02:34:09.525,127.0.0.1,8888,0.33,0.04,398.37,350.47,377.73,14.56,7.88,3018.51,-5145.41,502.82,1637.82,1228.36,0.80,0.06,2.91,2,2,2,2,63.14,71.22
2025-04-13 02:34:09.625,127.0.0.1,8888,-2.33,-0.66,399.73,351.90,380.64,14.86,7.81,3015.41,-5272.15,578.61,1708.37,1281.28,0.80,0.09,3.07,2,2,2,2,63.15,71.27
2025-04-13 02:34:09.725,127.0.0.1,8888,1.62,0.69,401.15,350.13,378.23,15.43,8.16,3128.24,-5444.04,402.39,1933.81,1450.36,0.80,-0.02,2.74,2,2,2,2,63.16,71.33
2025-04-13 02:34:09.825,127.0.0.1,8888,1.41,0.10,399.45,349.37,380.24,15.48,8.25,3178.71,-5448.98,595.02,1718.65,1288.99,0.80,0.09,2.52,2,2,2,2,63.16,71.38
2025-04-13 02:34:09.926,127.0.0.1,8888,-0.44,0.34,399.20,349.13,378.73,15.21,8.23,3157.54,-5349.60,432.47,1767.29,1325.47,0.80,0.03,3.21,2,2,2,2,63.17,71.43
2025-04-13 02:34:10.026,127.0.0.1,8888,3.65,0.02,399.71,349.56,379.35,15.09,8.28,3181.28,-5314.44,593.64,1554.23,1165.68,0.80,0.07,2.52,2,2,2,2,63.18,71.49
2025-04-13 02:34:10.126,127.0.0.1,8888,1.56,-0.75,400.23,348.09,382.16,15.04,7.72,2990.27,-5273.75,440.38,1809.73,1357.30,0.80,0.06,3.15,2,2,2,2,63.18,71.54
2025-04-13 02:34:10.226,127.0.0.1,8888,-0.03,-0.82,397.53,350.37,380.16,14.74,8.35,3212.97,-5203.35,521.40,1498.68,1124.01,0.80,-0.04,3.39,2,2,2,2,63.19,71.59
2025-04-13 02:34:10.326,127.0.0.1,8888,-4.10,-0.53,402.15,349.99,382.50,15.01,7.75,3003.65,-5293.15,409.43,1844.27,1383.20,0.80,0.00,3.29,2,2,2,2,63.19,71.64
2025-04-13 02:34:10.426,127.0.0.1,8888,4.15,-0.62,400.59,350.23,381.72,15.41,8.36,3228.73,-5436.28,556.15,1640.00,1230.00,0.80,-0.08,2.63,2,2,2,2,63.20,71.70
2025-04-13 02:34:10.527,127.0.0.1,8888,-1.60,-0.81,401.52,350.99,379.04,14.72,8.11,3111.45,-5204.33,427.34,1644.75,1233.56,0.80,0.01,3.41,2,2,2,2,63.20,71.75
2025-04-13 02:34:10.627,127.0.0.1,8888,2.05,0.18,397.28,351.59,379.46,15.22,7.79,2993.82,-5391.31,588.36,1840.32,1380.24,0.80,0.07,3.06,2,2,2,2,63.21,71.80
2025-04-13 02:34:10.727,127.0.0.1,8888,4.83,0.70,398.78,349.23,377.55,14.97,7.66,2930.90,-5265.92,459.70,1837.39,1378.04,0.80,-0.05,2.54,2,2,2,2,63.22,71.86
2025-04-13 02:34:10.827,127.0.0.1,8888,1.48,0.61,402.63,350.54,382.08,14.64,8.26,3195.66,-5169.75,592.89,1353.38,1015.04,0.80,0.07,2.69,2,2,2,2,63.23,71.91
2025-04-13 02:34:10.927,127.0.0.1,8888,1.61,0.08,400.16,350.50,380.09,15.36,8.08,3108.67,-5421.06,435.60,1903.70,1427.77,0.80,-0.07,2.90,2,2,2,2,63.23,71.96
2025-04-13 02:34:11.027,127.0.0.1,8888,3.56,-0.62,399.24,349.80,380.70,14.94,7.71,2972.39,-5262.43,481.07,1801.53,1351.15,0.80,-0.09,3.25,2,2,2,2,63.24,72.02
2025-04-13 02:34:11.128,127.0.0.1,8888,-3.06,-0.47,400.35,348.53,379.16,15.34,7.78,2987.93,-5384.77,445.07,1904.64,1428.48,0.80,0.04,3.18,2,2,2,2,63.24,72.07
2025-04-13 02:34:11.228,127.0.0.1,8888,-4.34,0.42,398.61,350.41,379.66,15.37,8.03,3083.92,-5423.46,507.89,1859.22,1394.42,0.80,0.06,2.72,2,2,2,2,63.25,72.12
2025-04-13 02:34:11.328,127.0.0.1,8888,-0.79,-0.92,398.20,350.99,382.78,14.87,8.10,3137.20,-5255.67,584.01,1525.62,1144.22,0.80,0.00,3.11,2,2,2,2,63.26,72.18
2025-04-13 02:34:11.428,127.0.0.1,8888,0.95,0.81,399.55,351.63,378.29,14.91,8.04,3076.80,-5280.16,590.30,1660.25,1245.19,0.80,0.05,2.61,2,2,2,2,63.26,72.23
2025-04-13 02:34:11.528,127.0.0.1,8888,-3.17,0.79,399.07,351.81,378.16,14.50,7.88,3014.43,-5137.40,579.12,1524.08,1143.06,0.80,0.05,3.47,2,2,2,2,63.27,72.28
